code_insee,code_postal,latitude,longitude,nom_commune,departement
31555,31300,43.5963814303,1.43167293364,TOULOUSE,31
13201,13001,43.2999009436,5.38227869795,MARSEILLE 01,13
33522,33400,44.8060817507,-0.591124592873,TALENCE,33
38399,38440,45.4982631773,5.14748470946,ST JEAN DE BOURNAY,38
42218,42100,45.4301235512,4.37913997076,ST ETIENNE,42
22360,22950,48.480075769,-2.74506421541,TREGUEUX,22
66136,66000,42.6965954131,2.89936953979,PERPIGNAN,66
34114,34150,43.6393937216,3.57384628868,GIGNAC,34
69381,69001,45.7699284397,4.82922464978,LYON 01,69
01053,1000,46.2051520382,5.24602125501,BOURG EN BRESSE,1
86194,86000,46.5839207726,0.359947653003,POITIERS,86
85003,85190,46.7384516809,-1.62702889721,AIZENAY,85
49248,49520,47.7629344972,-1.19300189799,OMBREE D'ANJOU,49
22179,22240,48.6348223959,-2.36202603588,FREHEL,22
21231,21000,47.3229437965,5.03788805877,DIJON,21
81065,81100,43.6156511237,2.23787231587,CASTRES,81
64445,64000,43.3200189773,-0.350337918181,PAU,64
81140,81500,43.6895628711,1.79437213708,LAVAUR,81
78356,78114,48.7410207273,2.0519793397,MAGNY LES HAMEAUX,78
53077,53230,47.94585879,-0.934606329089,COSSE LE VIVIEN,53
59544,59880,50.3750172475,3.56642418912,ST SAULVE,59
69256,69120,45.7858821061,4.92637767698,VAULX EN VELIN,69
26252,26800,44.8757833249,4.88408311324,PORTES LES VALENCE,26
06088,6100,43.7119992661,7.23826889465,NICE,6
80716,80135,50.1279792191,1.94290239471,ST RIQUIER,80
29017,29810,48.4709032483,-4.68640383039,BRELES,29
47168,47800,44.5833450029,0.356429133423,MIRAMONT DE GUYENNE,47
76026,76880,49.8821767195,1.1367858461,ARQUES LA BATAILLE,76
34172,34080,43.6134409138,3.86851657896,MONTPELLIER,34
85178,85170,46.769919754,-1.50488626452,LE POIRE SUR VIE,85
13047,13118,43.5502689105,4.9511813524,ISTRES,13
46045,46160,44.494117576,1.83859373388,CAJARC,46
93066,93200,48.9295650455,2.3592429975,ST DENIS,93
89024,89000,47.793488225,3.58168281761,AUXERRE,89
75101,75001,48.8626304852,2.33629344655,PARIS 01,75
11426,11600,43.2930208254,2.43699100253,VILLEGLY,11
91207,91520,48.5778313904,2.22141176606,EGLY,91
33063,33000,44.8572445351,-0.57369678116,BORDEAUX,33
13001,13290,43.5360708378,5.39857444582,AIX EN PROVENCE,13
73011,73200,45.6683987277,6.40460338643,ALBERTVILLE,73
56003,56610,47.6335958588,-2.8220328139,ARRADON,56
49007,49000,47.476837416,-0.556125995444,ANGERS,49
38002,38190,45.2586070645,5.99155979387,LES ADRETS,38
05023,5100,44.8994986041,6.64947524018,BRIANCON,5
81004,81000,43.9258213622,2.14686328555,ALBI,81
13026,13220,43.3865906403,5.14753822568,CHATEAUNEUF LES MARTIGUES,13
65440,65000,43.2347859635,0.0660093937851,TARBES,65
37261,37000,47.3986382281,0.696526376417,TOURS,37
80021,80000,49.9009532186,2.29007445539,AMIENS,80
26275,26790,44.2556674573,4.83716476858,ROCHEGUDE,26
74010,74000,45.8906432566,6.12551773598,ANNECY,74
14220,14800,49.3543800887,0.0744665786308,DEAUVILLE,14
40065,40130,43.6323255498,-1.42907243956,CAPBRETON,40
43033,43450,45.3179155382,3.17686146037,BLESLE,43
35307,35190,48.2809544263,-1.98293675576,ST PERN,35
84137,84110,44.247701867,5.06040782309,VAISON LA ROMAINE,84
33009,33120,44.6529002838,-1.17429790933,ARCACHON,33
76100,76116,49.504416715,1.29186032794,BLAINVILLE CREVON,76
76497,76650,49.3807622557,1.03422612047,PETIT COURONNE,76
07201,7120,44.4479030757,4.34786189328,RUOMS,7
34012,34380,43.7249523063,3.67420720253,ARGELLIERS,34
76540,76000,49.4413460103,1.09256784278,ROUEN,76
22278,22000,48.5149806053,-2.76154552773,ST BRIEUC,22
62041,62000,50.2898964997,2.76587316711,ARRAS,62
54235,54330,48.5051745323,6.01397377452,GOVILLER,54
89371,89310,47.7398700628,3.91053461734,STE VERTU,89
61063,61220,48.7111600408,-0.377752655086,BRIOUZE,61
59350,59160,50.6317183168,3.04783272312,LILLE,59
2B033,20200,42.6864768806,9.42502133338,BASTIA,2B
60286,60210,49.666016357,1.9349239261,GRANDVILLIERS,60
62119,62400,50.5288922584,2.64242379342,BETHUNE,62
49373,49310,47.1373301524,-0.559450064005,VIHIERS,49
30344,30310,43.7375360363,4.23360990528,VERGEZE,30
29003,29770,48.0241077574,-4.54448750165,AUDIERNE,29
63050,63570,45.4199156591,3.32061008295,BRASSAC LES MINES,63
22184,22150,48.3378874008,-2.67639170288,PLEMY,22
14118,14000,49.1847936737,-0.369801713036,CAEN,14
13004,13123,43.5468692378,4.66215642574,ARLES,13
29019,29200,48.4004997828,-4.5027907853,BREST,29
53152,53170,47.9469156243,-0.558693863131,MESLAY DU MAINE,53
11076,11400,43.3230173159,1.96073752488,CASTELNAUDARY,11
79329,79100,46.9828628407,-0.199581467021,THOUARS,79
74182,74960,45.9184414725,6.09688746113,MEYTHET,74
74136,74450,45.9562174482,6.47641784295,LE GRAND BORNAND,74
03084,3430,46.482962805,2.82323006329,COSNE D ALLIER,3
35245,35850,48.2223488257,-1.87904298142,ROMILLE,35
64422,64400,43.1560871189,-0.587546244432,OLORON STE MARIE,64
86078,86400,46.1412232275,0.300987364675,CIVRAY,86
53211,53500,48.3469457308,-0.87082653269,ST DENIS DE GASTINES,53
67371,67290,48.8657597248,7.32734776032,LA PETITE PIERRE,67
53054,53810,48.1079801148,-0.800104772023,CHANGE,53
56124,56140,47.8076863788,-2.38701072581,MALESTROIT,56
55185,55250,48.9823527638,5.1255521249,EVRES,55
50592,50420,48.9633310504,-1.08464396412,TESSY BOCAGE,50
91129,91590,48.4859798517,2.31068283872,CERNY,91
93001,93300,48.9121722626,2.38445513768,AUBERVILLIERS,93
31478,31540,43.4505941916,1.90172958444,ST FELIX LAURAGAIS,31
38544,38200,45.520578372,4.88135156154,VIENNE,38
63113,63100,45.7856492991,3.11554542903,CLERMONT FERRAND,63
30189,30900,43.844938394,4.34806796996,NIMES,30
95607,95150,49.0267316203,2.22116067166,TAVERNY,95
78650,78110,48.8938640591,2.13039312004,LE VESINET,78
44109,44200,47.2316356767,-1.54831008605,NANTES,44
38185,38000,45.1821215167,5.72133051752,GRENOBLE,38
44162,44800,47.2243762412,-1.63434818692,ST HERBLAIN,44
84007,84140,43.9352448339,4.84071572505,AVIGNON,84
56062,56680,47.6951381724,-3.33453004583,GAVRES,56
37011,37420,47.2237767737,0.18754463005,AVOINE,37
34328,34230,43.5790567885,3.56253401848,VENDEMIAN,34
71238,71340,46.2165272056,4.07699692762,IGUERANDE,71
08081,8120,49.8477354025,4.7508301548,BOGNY SUR MEUSE,8
35238,35700,48.1119791219,-1.68186449144,RENNES,35
39413,39370,46.286468541,5.85238812673,LA PESSE,39
81225,81600,43.9157732969,1.96947284122,RIVIERES,81
35012,35470,47.8302948158,-1.67649507218,BAIN DE BRETAGNE,35
95210,95880,48.97016048,2.30485955429,ENGHIEN LES BAINS,95
35288,35400,48.6400443482,-1.98060627256,ST MALO,35
64483,64500,43.3947886873,-1.63099021573,ST JEAN DE LUZ,64
95652,95270,49.1231107932,2.37799676025,VIARMES,95
18033,18000,47.0749572013,2.40417137557,BOURGES,18
11185,11220,43.0957230349,2.60436046295,LAGRASSE,11
30029,30430,44.3122415211,4.34841481782,BARJAC,30
11262,11100,43.1652399898,3.02023868739,NARBONNE,11
78398,78490,48.754542649,1.83436184333,LES MESNULS,78
73073,73310,45.8034782998,5.79654546056,CHANAZ,73
45024,45130,47.8106703162,1.66824027351,BAULE,45
59271,59760,51.0167874642,2.29071143357,GRANDE SYNTHE,59
34301,34200,43.3917705831,3.64705148296,SETE,34
92012,92100,48.8365843138,2.23913599058,BOULOGNE,92
90010,90000,47.6471539414,6.84541206237,BELFORT,90
24051,24130,44.9518343801,0.362233138174,BOSSET,24
06011,6310,43.7079039397,7.33256934881,BEAULIEU SUR MER,6
21054,21200,47.0255189366,4.83767985985,BEAUNE,21
14327,14200,49.2073560619,-0.331022626025,HEROUVILLE ST CLAIR,14
62193,62100,50.9502072754,1.87575566132,CALAIS,62
72181,72000,47.9885256718,0.200030493539,LE MANS,72
34028,34600,43.6125569074,3.16680787195,BEDARIEUX,34
73065,73000,45.583182552,5.90903392417,CHAMBERY,73
56152,56360,47.3426909682,-3.17102952046,LE PALAIS,56
52353,52800,48.037521428,5.36502804198,NOGENT,52
02077,2200,49.3172125296,3.29666086699,BERZY LE SEC,2
59122,59400,50.1702775977,3.24221021072,CAMBRAI,59
61108,61230,48.7765975635,0.357700893574,CISAI ST AUBIN,61
67482,67100,48.5712679849,7.76752679517,STRASBOURG,67
78646,78000,48.8025669671,2.11789297191,VERSAILLES,78
15187,15100,45.0278919825,3.08320563232,ST FLOUR,15
64024,64600,43.4917846595,-1.51623373371,ANGLET,64
94081,94400,48.7882828307,2.39412680533,VITRY SUR SEINE,94
68224,68200,47.749163303,7.32570047509,MULHOUSE,68
52121,52000,48.0980144211,5.14070044621,CHAUMONT,52
94028,94000,48.7837401836,2.45463530415,CRETEIL,94
65059,65200,42.9758668859,0.132640694318,BAGNERES DE BIGORRE,65
06004,6160,43.587465146,7.10635418256,JUAN LES PINS,6
31446,31520,43.5441837911,1.47782372823,RAMONVILLE ST AGNE,31
22055,22520,48.6255350477,-2.8413899481,BINIC,22
33073,33820,45.2544518508,-0.646204430347,BRAUD ET ST LOUIS,33
36044,36000,46.8029617828,1.69399812001,CHATEAUROUX,36
61107,61320,48.5071426572,-0.132794455306,CIRAL,61
14271,14123,49.1444292345,-0.377619145275,FLEURY SUR ORNE,14
25031,25400,47.4811676376,6.85493983157,AUDINCOURT,25
91573,91280,48.6058282604,2.51614926696,ST PIERRE DU PERRAY,91
22039,22210,48.1346308811,-2.66260913976,LA CHEZE,22
60057,60000,49.4365523321,2.08616123661,BEAUVAIS,60
76178,76410,49.316254089,1.03978678909,CLEON,76
22005,22810,48.5310285208,-3.38188859591,BELLE ISLE EN TERRE,22
49292,49750,47.3002199454,-0.640314853216,ST LAMBERT DU LATTAY,49
58059,58400,47.1835862006,3.02885515594,LA CHARITE SUR LOIRE,58
59650,59150,50.7056367285,3.21628221056,WATTRELOS,59
56118,56570,47.7303087589,-3.32842997885,LOCMIQUELIC,56
33449,33160,44.8832620816,-0.784239883546,ST MEDARD EN JALLES,33
13027,13160,43.8824707581,4.83990004648,CHATEAURENARD,13
78361,78200,48.9981665392,1.69337806821,MANTES LA JOLIE,78
25580,25700,47.4647367767,6.82570788244,VALENTIGNEY,25
54395,54000,48.6901995499,6.17588254434,NANCY,54
74012,74100,46.1909730986,6.24250704322,ANNEMASSE,74
78172,78700,49.0001007823,2.0990719052,CONFLANS STE HONORINE,78
67218,67400,48.5200498962,7.73129588098,ILLKIRCH GRAFFENSTADEN,67
49278,49130,47.4281722672,-0.575792781781,STE GEMMES SUR LOIRE,49
79044,79290,47.0350297953,-0.314425439362,BOUILLE ST PAUL,79
30269,30270,44.1071750382,3.87785905992,ST JEAN DU GARD,30
83137,83200,43.1361589728,5.93239634249,TOULON,83
07042,7700,44.3830866916,4.61398365069,BOURG ST ANDEOL,7
59343,59810,50.5892285666,3.11191934713,LESQUIN,59
71076,71100,46.7900288793,4.85191555008,CHALON SUR SAONE,71
44067,44290,47.6278891238,-1.83077595154,GUEMENE PENFAO,44
39056,39140,46.7316211339,5.42781411933,BLETTERANS,39
19031,19100,45.1435830664,1.51936836063,BRIVE LA GAILLARDE,19
69029,69500,45.7344856902,4.91168159471,BRON,69
23243,23140,46.2595513591,2.18852889263,ST SILVAIN SOUS TOULX,23
85039,85530,47.0148006973,-1.18329758318,LA BRUFFIERE,85
51230,51200,49.037000689,3.93144626202,EPERNAY,51
62186,62160,50.4451131556,2.71911165536,BULLY LES MINES,62
73057,73570,45.4538077442,6.56840188785,BRIDES LES BAINS,73
38157,38780,45.5136075933,4.95889651862,ESTRABLIN,38
08105,8000,49.7752965803,4.71724655966,CHARLEVILLE MEZIERES,8
14117,14390,49.2834863414,-0.125512945279,CABOURG,14
76681,76300,49.4104887444,1.09509946531,SOTTEVILLE LES ROUEN,76
26198,26200,44.5540845734,4.74869387765,MONTELIMAR,26
46042,46000,44.4507370916,1.44075837848,CAHORS,46
35168,35330,47.8971012974,-1.99867854689,MAURE DE BRETAGNE,35
44015,44130,47.4628210409,-1.76789479614,BLAIN,44
06029,6400,43.5526202843,7.00427592728,CANNES,6
66041,66600,42.7867407426,2.77853627321,CASES DE PENE,66
47252,47110,44.4058755457,0.599870593015,STE LIVRADE SUR LOT,47
33236,33950,44.7609440223,-1.19293697437,LEGE CAP FERRET,33
06032,6320,43.7247392327,7.40161617522,CAP D AIL,6
52256,52700,48.3053380759,5.49239986278,LAFAUCHE,52
40067,40400,43.871874652,-0.81936363917,CARCEN PONSON,40
2A065,20130,42.1544254567,8.62659836115,CARGESE,2A
13078,13230,43.4148193741,4.80679663589,PORT ST LOUIS DU RHONE,13
83036,83240,43.1819055812,6.52121721395,CAVALAIRE SUR MER,83
21603,21140,47.4909559267,4.34106366761,SEMUR EN AUXOIS,21
83029,83440,43.6125180228,6.75708895004,CALLIAN,83
43234,43170,44.9482034569,3.53883236387,SAUGUES,43
27165,27190,48.9547259686,0.93199579313,CONCHES EN OUCHE,27
85112,85340,46.570163703,-1.7737502368,L ILE D OLONNE,85
76351,76610,49.498452502,0.140153719153,LE HAVRE,76
95127,95000,49.0401131567,2.05082123731,CERGY PONTOISE,95
77337,77186,48.8460926469,2.61997100426,NOISIEL,77
19062,19800,45.3655110046,1.87090523159,CORREZE,19
12208,12400,43.9656694471,2.86653125625,ST AFFRIQUE,12
89068,89800,47.8075995199,3.79091424228,CHABLIS,89
39251,39570,46.6375986496,5.50938673759,GEVINGEY,39
74054,74540,45.7784395221,5.98960566934,CHAINAZ LES FRASSES,74
86288,86260,46.726218827,0.843611918005,VICQ SUR GARTEMPE,86
29058,29170,47.8783078862,-4.01834628474,FOUESNANT,29
74056,74400,45.9309819111,6.92360096711,CHAMONIX MONT BLANC,74
39097,39300,46.7445389751,5.8988102947,CHAMPAGNOLE,39
38567,38410,45.1197427134,5.89438297795,CHAMROUSSE,38
69205,69290,45.7610551042,4.72602177608,ST GENIS LES OLLIERES,69
40002,40330,43.5938659835,-0.743678079626,AMOU,40
42127,42300,46.0919456873,4.0633211833,MABLY,42
85298,85150,46.6055340621,-1.74863672042,VAIRE,85
40230,40465,43.7980252651,-0.940526888731,PONTONX SUR L ADOUR,40
81018,81160,43.9638815505,2.22587013595,ARTHES,81
34299,34410,43.2733185307,3.29725083254,SERIGNAN,34
33140,33670,44.770425384,-0.343606134456,CREON,33
36018,36300,46.6346200347,1.10013221164,LE BLANC,36
94016,94230,48.7916121646,2.33153313164,CACHAN,94
13117,13127,43.4497831674,5.26357787665,VITROLLES,13
28085,28000,48.4471464884,1.50570610616,CHARTRES,28
50349,50590,48.9910212765,-1.52994382531,MONTMARTIN SUR MER,50
80186,80320,49.8169359721,2.80153906029,CHAULNES,80
23096,23000,46.1632121428,1.87078672735,GUERET,23
84087,84100,44.128913537,4.8098792403,ORANGE,84
92050,92000,48.8960701282,2.20671346353,NANTERRE,92
30334,30700,44.0136590402,4.41600031556,UZES,30
32013,32000,43.6534300414,0.575190250459,AUCH,32
97611,97600,-12.7899979586,45.1932456026,MAMOUDZOU,976
42187,42300,46.0449112487,4.0797045647,ROANNE,42
83081,83440,43.5990101065,6.78985995347,MONTAUROUX,83
66149,66500,42.6145021996,2.43074849066,PRADES,66
68177,68610,47.9527349295,7.16433010313,LAUTENBACH,68
79191,79000,46.328260242,-0.465353019369,NIORT,79
35220,35150,48.0111877546,-1.42837195377,PIRE SUR SEICHE,35
61001,61000,48.4318193082,0.0915406916107,ALENCON,61
31317,31430,43.3049878647,1.10662037582,MARIGNAC LASCLARES,31
93072,93240,48.9567775699,2.3854495629,STAINS,93
35263,35350,48.677369423,-1.92087004371,ST COULOMB,35
89338,89100,48.2247837392,3.30677970985,ST CLEMENT,89
92024,92110,48.9035359139,2.30575230452,CLICHY,92
83103,83200,43.1824918424,5.94565392204,LE REVEST LES EAUX,83
17415,17100,45.7422300162,-0.649623035643,SAINTES,17
45146,45240,47.7119750833,1.92714666074,LA FERTE ST AUBIN,45
59090,59910,50.7096656233,3.09529083038,BONDUES,59
16102,16100,45.6962326551,-0.33507941815,COGNAC,16
66053,66190,42.5130107325,3.07254121467,COLLIOURE,66
68066,68000,48.1099405789,7.38468690323,COLMAR,68
70162,70000,47.6121777534,6.22089003773,COLOMBE LES VESOUL,70
83061,83600,43.4719558114,6.76361597424,FREJUS,83
25512,25210,47.1549185878,6.73440290446,LE RUSSEY,25
81139,81440,43.7052468491,2.12929403349,LAUTREC,81
33523,33760,44.7345410468,-0.267821650496,TARGON,33
68297,68300,47.6016553367,7.54061872745,ST LOUIS,68
33356,33126,44.9377237217,-0.316177006649,LA RIVIERE,33
78362,78711,48.9747939435,1.71205571778,MANTES LA VILLE,78
11069,11000,43.2093798444,2.34398855385,CARCASSONNE,11
31451,31250,43.4656037799,1.99689394052,REVEL,31
04088,4300,43.9599082374,5.7882827572,FORCALQUIER,4
2A004,20167,41.9347926638,8.70132275974,AJACCIO,2A
27056,27300,49.0925877345,0.58959175237,BERNAY,27
56100,56630,48.1318811919,-3.48128235286,LANGONNET,56
30164,30430,44.2309207985,4.36426612667,MEJANNES LE CLAP,30
83126,83500,43.0880294967,5.87089841754,LA SEYNE SUR MER,83
32256,32300,43.5186713962,0.410792361049,MIRANDE,32
33029,33114,44.6268462922,-0.746697894211,LE BARP,33
13084,13640,43.7176409517,5.30157633559,LA ROQUE D ANTHERON,13
72180,72600,48.3545313197,0.370783494811,MAMERS,72
37003,37400,47.3917237652,1.00023994675,AMBOISE,37
10362,10300,48.2963408998,4.02333022061,STE SAVINE,10
84025,84220,43.8965322686,5.15279801626,CABRIERES D AVIGNON,84
51183,51220,49.3196081983,4.0061261454,COURCY,51
07349,7800,44.8015403943,4.78018830634,LA VOULTE SUR RHONE,7
30007,30100,44.1250099126,4.08828501262,ALES,30
92023,92140,48.7964306792,2.25474652922,CLAMART,92
71270,71000,46.3205511756,4.81842529639,MACON,71
26108,26400,44.7335665907,5.0221758413,CREST,26
04065,4230,44.0831626991,5.83846949092,CRUIS,4
07281,7130,44.9410716967,4.82459034307,ST PERAY,7
01443,1330,45.9927150222,5.04507856642,VILLARS LES DOMBES,1
87085,87280,45.8542549589,1.2487579024,LIMOGES,87
59012,59186,49.9949415311,4.11785622281,ANOR,59
32132,32500,43.8402794076,0.64245586546,FLEURANCE,32
26281,26100,45.0547531985,5.03797756012,ROMANS SUR ISERE,26
29232,29000,47.9971425162,-4.09111944455,QUIMPER,29
76157,76380,49.4330992435,1.01355208279,CANTELEU,76
14258,14700,48.8957800281,-0.193401711782,FALAISE,14
40088,40100,43.7006746973,-1.06014429759,DAX,40
79202,79200,46.6453493842,-0.233028439198,PARTHENAY,79
39485,39320,46.3963208,5.4577858737,ST JULIEN,39
91457,91290,48.5814225294,2.26569127873,LA NORVILLE,91
59553,59211,50.5909879066,2.96114421951,SANTES,59
67320,67220,48.3261151153,7.31059686746,NEUVE EGLISE,67
83119,83990,43.262314383,6.66343039908,ST TROPEZ,83
38421,38400,45.1762012553,5.76476360737,ST MARTIN D HERES,38
57456,57960,48.9707983496,7.34611209492,MEISENTHAL,57
71170,71150,46.9145180669,4.84793098636,DEMIGNY,71
55198,55160,49.1009729702,5.63355600212,FRESNES EN WOEVRE,55
60361,60240,49.2330864401,1.90635269506,LIANCOURT ST PIERRE,60
41018,41000,47.5817013938,1.30625551583,BLOIS,41
54431,54700,48.9219828048,6.05392690748,PONT A MOUSSON,54
01157,1480,46.020997974,4.7620080898,FAREINS,1
66088,66130,42.6774223178,2.61639804475,ILLE SUR TET,66
25056,25000,47.2553872249,6.01948696494,BESANCON,25
48039,48230,44.4502200567,3.34457977647,CHANAC,48
71543,71700,46.5651726015,4.90012429206,TOURNUS,71
29031,29360,47.7943407144,-3.56681364982,CLOHARS CARNOET,29
61464,61500,48.6048296774,0.169026415284,SEES,61
35093,35800,48.6241805945,-2.0619828606,DINARD,35
60157,60600,49.3777168975,2.40891709196,CLERMONT DE L OISE,60
58194,58000,46.9881194908,3.15689130958,NEVERS,58
30140,30460,44.0428979358,3.85182045128,LASALLE,30
35360,35500,48.1140815063,-1.19370720718,VITRE,35
91103,91220,48.6025113399,2.3021623232,BRETIGNY SUR ORGE,91
17197,17500,45.4419827405,-0.427614839205,JONZAC,17
26362,26000,44.9229811667,4.91444013136,VALENCE,26
19272,19000,45.2731516999,1.76313875655,TULLE,19
49307,49800,47.4219645317,-0.319673646947,ANDARD,49
44077,44440,47.5092437538,-1.42943494948,JOUE SUR ERDRE,44
54157,54380,48.8340364411,6.05567802778,DIEULOUARD,54
25395,25660,47.2418571296,6.08660837587,MONTFAUCON,25
46118,46600,44.9899523314,1.46272754104,GIGNAC,46
45075,45380,47.8887063362,1.82847184827,LA CHAPELLE ST MESMIN,45
31091,31150,43.7271508931,1.40915818124,BRUGUIERES,31
81115,81270,43.4826602247,2.63557921234,LABASTIDE ROUAIROUX,81
05061,5000,44.5798600596,6.06486052138,GAP,5
79195,79250,46.9403172404,-0.596385417876,NUEIL LES AUBIERS,79
26114,26220,44.5310329912,5.06528375642,DIEULEFIT,26
52448,52100,48.6280100668,4.94923523578,ST DIZIER,52
24345,24140,44.9151488173,0.532361895474,QUEYSSAC,24
44055,44500,47.2909720179,-2.3538291745,LA BAULE,44
66017,66420,42.8127710984,3.02834125149,LE BARCARES,66
30028,30200,44.1622496736,4.62477380854,BAGNOLS SUR CEZE,30
78640,78140,48.783985823,2.19707485523,VELIZY VILLACOUBLAY,78
38053,38300,45.6022027954,5.27393762111,BOURGOIN JALLIEU,38
78146,78400,48.8965574645,2.15393458329,CHATOU,78
91363,91460,48.6463321888,2.20621393661,MARCOUSSIS,91
93055,93500,48.8983093876,2.40872147475,PANTIN,93
38563,38500,45.3791720843,5.58240310671,VOIRON,38
56061,56200,47.7728317091,-2.15651114837,LA GACILLY,56
94022,94600,48.764315118,2.41742518222,CHOISY LE ROI,94
67462,67600,48.2481136279,7.46224896454,SELESTAT,67
59043,59270,50.7274252798,2.7379912081,BAILLEUL,59
83045,83570,43.4864185627,6.06826217623,CORRENS,83
85191,85000,46.6675261644,-1.4077954093,LA ROCHE SUR YON,85
88160,88000,48.1631202656,6.47989286928,EPINAL,88
07204,7320,45.0052980637,4.41285687419,ST AGREVE,7
44143,44400,47.1762338904,-1.54966399893,REZE,44
64102,64100,43.4922254016,-1.46607674358,BAYONNE,64
17306,17200,45.6346574238,-1.01791403375,ROYAN,17
91665,91620,48.6610194975,2.26503430984,LA VILLE DU BOIS,91
17300,17000,46.1620643972,-1.17465702836,LA ROCHELLE,17
33417,33480,44.9726615806,-0.913525242529,STE HELENE,33
91132,91730,48.5167739657,2.21800082924,CHAMARANDE,91
12202,12000,44.3582426254,2.5672793892,RODEZ,12
89073,89350,47.7800283506,3.07775894136,CHAMPIGNELLES,89
18279,18100,47.2368836077,2.0790757049,VIERZON,18
24273,24480,44.8119248894,0.82474050426,MOLIERES,24
14333,14600,49.4129449727,0.237579361279,HONFLEUR,14
07145,7170,44.6192177092,4.46630461903,LUSSAS,7
24037,24100,44.8543751872,0.486529423457,BERGERAC,24
57338,57720,49.0782664216,7.35808063345,HOTTVILLER,57
71295,71310,46.7945134241,5.18412548455,MERVANS,71
73024,73260,45.4607199042,6.44362178612,LES AVANCHERS VALMOREL,73
85155,85000,46.7104764993,-1.46129661418,MOUILLERON LE CAPTIF,85
45142,45450,47.9326007256,2.16025043268,FAY AUX LOGES,45
78551,78100,48.9407041394,2.09870929375,ST GERMAIN EN LAYE,78
80685,80700,49.6936899931,2.78868757676,ROYE,80
66141,66380,42.7487012331,2.91497381059,PIA,66
24352,24600,45.2457883325,0.334782848632,RIBERAC,24
29027,29520,48.1889732859,-3.82126129764,CHATEAUNEUF DU FAOU,29
34179,34570,43.6095675101,3.73935842429,MURVIEL LES MONTPELLIER,34
33243,33500,44.9130767869,-0.234709332068,LIBOURNE,33
44103,44550,47.3232368527,-2.1467366036,MONTOIR DE BRETAGNE,44
34187,34390,43.540135455,2.91772316116,OLARGUES,34
10018,10130,48.0923181622,3.92346188322,AUXON,10
45203,45130,47.8397230739,1.69811579508,MEUNG SUR LOIRE,45
77335,77124,48.9719332783,2.83158634864,CHAUCONIN NEUFMONTIERS,77
62386,62160,50.4496814864,2.74513302656,GRENAY,62
74276,74440,46.1265071577,6.60770716363,TANINGES,74
14338,14510,49.2974071263,-0.0677562139709,HOULGATE,14
25332,25170,47.2443013496,5.81882619384,LAVERNAY,25
13005,13400,43.2934843764,5.56331273477,AUBAGNE,13
91471,91400,48.7004093953,2.18737051177,ORSAY,91
24096,24530,45.400469208,0.69507098451,CHAMPAGNAC DE BELAIR,24
34108,34110,43.4482458873,3.74923522416,FRONTIGNAN,34
84091,84420,44.1774697051,4.76585289056,PIOLENC,84
40197,40110,44.0410936254,-0.888623636398,MORCENX,40
48080,48300,44.7237405653,3.83363110341,LANGOGNE,48
33016,33240,44.948000841,-0.426140042682,ASQUES,33
26064,26120,44.9082255842,5.00743034189,CHABEUIL,26
31149,31770,43.611551508,1.32700218407,COLOMIERS,31
34344,34280,43.5685394142,4.0758328467,LA GRANDE MOTTE,34
59606,59300,50.3588666163,3.51567664819,VALENCIENNES,59
40201,40250,43.7412885635,-0.752690282166,MUGRON,40
48061,48400,44.3162079295,3.58273527435,FLORAC TROIS RIVIÈRES,48
48095,48000,44.5294508592,3.48086881176,MENDE,48
17077,17270,45.1273503043,-0.207698631448,CERCOUX,17
18145,18510,47.241732115,2.49021091816,MENETOU SALON,18
14437,14120,49.1693649378,-0.310691187417,MONDEVILLE,14
72059,72430,47.9198250308,-0.154140183084,CHANTENAY VILLEDIEU,72
14762,14500,48.8512498219,-0.889601911342,VIRE NORMANDIE,14
94080,94300,48.8473732045,2.43798650741,VINCENNES,94
97311,97320,4.96474398632,-53.9832113662,ST LAURENT DU MARONI,973
67150,67117,48.6105637831,7.55789773047,FURDENHEIM,67
40192,40000,43.899361404,-0.490722577455,MONT DE MARSAN,40
04070,4000,44.0908723554,6.23590323452,DIGNE LES BAINS,4
79057,79170,46.1418337503,-0.218953610699,BRIOUX SUR BOUTONNE,79
19042,19330,45.3124205901,1.6226623783,CHANTEIX,19
41269,41100,47.8013026692,1.06106057175,VENDOME,41
95205,95440,49.0260643173,2.38485695599,ECOUEN,95
37022,37420,47.1939476684,0.186243013287,BEAUMONT EN VERON,37
95500,95300,49.0513737853,2.09487928948,PONTOISE,95
24026,24330,45.1789592433,0.820956969026,BASSILLAC,24
13103,13300,43.6462885238,5.06814649576,SALON DE PROVENCE,13
68154,68110,47.7734992,7.36011136903,ILLZACH,68
22362,22220,48.7850465816,-3.23178776538,TREGUIER,22
38130,38260,45.3834360946,5.26068376928,LA COTE ST ANDRE,38
97411,97400,-20.9329708192,55.446867167,ST DENIS,974
97209,97234,14.6411114389,-61.0691889244,FORT DE FRANCE,972
57666,57180,49.3465483422,6.13220160083,TERVILLE,57
35145,35660,47.733471612,-1.87194975237,LANGON,35
94073,94320,48.7607841928,2.38537729524,THAIS,94
54581,54800,49.1209779475,5.87272709272,VILLE SUR YRON,54
34209,34420,43.301736727,3.3476310741,PORTIRAGNES,34
85025,85600,46.9451858636,-1.1916392484,LA BOISSIERE DE MONTAIGU,85
91587,91160,48.6850264714,2.26634749221,SAULX LES CHARTREUX,91
34343,34380,43.7367573026,3.69220324597,VIOLS LE FORT,34
63040,63160,45.7251184657,3.32304115809,BILLOM,63
44215,44120,47.1603732625,-1.47052291749,VERTOU,44
36143,36400,46.6401357121,1.95677952761,NOHANT VIC,36
02408,2000,49.5679724897,3.62089561902,LAON,2
03102,3290,46.5305895294,3.67644076991,DOMPIERRE SUR BESBRE,3
62108,62600,50.4141574341,1.58229663833,BERCK,62
51391,51140,49.2724383199,3.88749263388,MUIZON,51
71137,71250,46.4303628582,4.67033276327,CLUNY,71
77034,77720,48.5601991238,2.79501080828,BLANDY LES TOURS,77
57511,57140,49.179562869,6.11099249211,NORROY LE VENEUR,57
16015,16000,45.6472585146,0.14514490683,ANGOULEME,16
83139,83690,43.5935800875,6.310682972,TOURTOUR,83
17380,17420,45.6579754062,-1.10115118709,ST PALAIS SUR MER,17
34003,34300,43.309129116,3.48447903133,AGDE,34
01007,1500,46.0055913782,5.35760660735,AMBRONAY,1
65009,65150,43.0760669312,0.464444450073,ANERES,65
93029,93700,48.9234246259,2.44492688692,DRANCY,93
63003,63600,45.5557839461,3.75625356567,AMBERT,63
64122,64200,43.4695847227,-1.55309857519,BIARRITZ,64
49200,49770,47.5607664036,-0.683468497352,LONGUENEE EN ANJOU,49
85290,85210,46.5433098199,-1.00699777534,THIRÉ,85
60414,60160,49.2632645948,2.43135724334,MONTATAIRE,60
95039,95430,49.0803858577,2.15488070885,AUVERS SUR OISE,95
56009,56360,47.313014109,-3.1920046614,BANGOR,56
83132,83210,43.1784166306,6.01726722545,SOLLIES VILLE,83
87011,87300,46.1049122554,1.04116467219,BELLAC,87
84089,84120,43.6872357464,5.52052480281,PERTUIS,84
22008,22100,48.4144897659,-2.09704568121,BOBITAL,22
66025,66760,42.4379971277,1.96090815348,BOURG MADAME,66
22166,22710,48.816014407,-3.30224745841,PENVENAN,22
05153,5260,44.6888900905,6.16982010891,ST MICHEL DE CHAILLOL,5
41034,41250,47.6160275858,1.54153082337,CHAMBORD,41
29046,29100,48.0806526556,-4.32784220122,DOUARNENEZ,29
73054,73700,45.6647980545,6.76637903907,BOURG ST MAURICE,73
16106,16500,46.0191386034,0.658522279035,CONFOLENS,16
85076,85610,47.0602388146,-1.25289811103,CUGAND,85
31157,31270,43.5449211242,1.34286223759,CUGNAUX,31
31022,31140,43.6713968117,1.42370910767,AUCAMVILLE,31
92062,92800,48.8837094969,2.23834178314,PUTEAUX,92
97128,97180,16.2572300868,-61.3874730054,STE ANNE,971
34336,34500,43.3172489997,3.28958494349,VILLENEUVE LES BEZIERS,34
02381,2500,49.9426458618,4.10483732841,HIRSON,2
47074,47180,44.5203730714,0.068285349184,COUTHURES SUR GARONNE,47
80001,80100,50.1083582944,1.83209170207,ABBEVILLE,80
78073,78390,48.8044185716,2.01911294303,BOIS D ARCY,78
38191,38750,45.0969425761,6.08474810987,HUEZ,38
30085,30210,43.9490522277,4.47176606244,COLLIAS,30
22168,22700,48.8094393417,-3.46769227891,PERROS GUIREC,22
43048,43160,45.3187166909,3.69286458356,LA CHAISE DIEU,43
58145,58140,47.2894645643,3.82491613793,LORMES,58
03185,3100,46.3385883496,2.60390499777,MONTLUCON,3
62160,62200,50.7271332663,1.60756334802,BOULOGNE SUR MER,62
36088,36100,46.9489390293,2.00053790133,ISSOUDUN,36
29109,29840,48.5343990673,-4.72936031932,LANDUNVEZ,29
17224,17160,45.8637317103,-0.314996278369,MATHA,17
25380,25370,46.7648830862,6.35324497812,METABIEF,25
40005,40320,43.6059261585,-0.44174435794,ARBOUCAVE,40
01427,1600,45.940671655,4.7714415007,TREVOUX,1
22119,22420,48.6072769742,-3.52795086821,LANVELLEC,22
77186,77300,48.4066856508,2.68031396389,FONTAINEBLEAU,77
13021,13620,43.3427663021,5.15373765817,CARRY LE ROUET,13
29155,29242,48.4601042319,-5.08534533544,OUESSANT,29
16225,16310,45.7738787675,0.551136998408,MONTEMBOEUF,16
45338,45700,47.9830187489,2.70512428321,VILLEMANDEUR,45
92071,92330,48.776816369,2.29529414514,SCEAUX,92
59009,59491,50.6324372393,3.1535257221,VILLENEUVE D ASCQ,59
94041,94200,48.8128063812,2.38778023612,IVRY SUR SEINE,94
13056,13117,43.3798920489,5.04945402314,MARTIGUES,13
24291,24290,45.0627368774,1.15422675286,MONTIGNAC,24
68269,68150,48.2065139236,7.28672468283,RIBEAUVILLE,68
02684,2830,49.9259700696,4.15288229364,ST MICHEL,2
77123,77290,48.9892298685,2.6561103822,COMPANS,77
37337,37750,nan,nan,VILLENEUVE LES MAGUELONE,34
06083,6500,43.7908233727,7.49365612374,MENTON,6
83129,83140,43.086818602,5.82924464931,SIX FOURS LES PLAGES,83
2B043,20222,42.7792996993,9.45029993821,BRANDO,2B
39478,39200,46.408600398,5.87556247635,ST CLAUDE,39
84031,84200,44.0593802565,5.06134844776,CARPENTRAS,84
83088,83136,43.2945310996,6.02592739077,NEOULES,83
63255,63340,45.4846982805,3.28374300124,NONETTE ORSONNETTE,63
2A139,20137,41.6654830708,9.31906773443,LECCI,2A
94033,94120,48.8511046382,2.47395409774,FONTENAY SOUS BOIS,94
77359,77930,48.479730606,2.55038052003,PERTHES,77
85240,85590,46.9248120291,-0.914182961099,ST MALO DU BOIS,85
81217,81140,43.9765161784,1.70709054548,PUYCELSI,81
83055,83440,43.6103345822,6.67843279926,FAYENCE,83
83101,83350,43.2186126186,6.63754734174,RAMATUELLE,83
84099,84440,43.8519678718,5.11008684319,ROBION,84
46240,46500,44.8148525753,1.62220346544,ROCAMADOUR,46
72264,72300,47.8378265007,-0.354705885665,SABLE SUR SARTHE,72
46251,46400,44.8531827667,1.89258045388,ST CERE,46
45315,45600,47.7526229305,2.35647713689,SULLY SUR LOIRE,45
73093,73210,45.6105383975,6.66721481397,LA COTE D AIME,73
34157,34140,43.4292981138,3.57774572973,MEZE,34
46102,46100,44.6055314625,2.02540303775,FIGEAC,46
85163,85330,47.0086655085,-2.26243620205,NOIRMOUTIER EN L ILE,85
45234,45100,47.8828634214,1.91610357477,ORLEANS,45
44132,44380,47.2615791665,-2.31415650821,PORNICHET,44
36006,36200,46.5787862593,1.4926283101,ARGENTON SUR CREUSE,36
19059,19350,45.3604032352,1.33771562463,CONCEZE,19
22046,22330,48.2937312654,-2.52246803693,ST GOUENO,22
33514,33780,45.493296382,-1.10918123147,SOULAC SUR MER,33
01160,1210,46.2519789243,6.10826403805,FERNEY VOLTAIRE,1
88346,88210,48.4194366522,6.99291726168,LA PETITE RAON,88
30339,30570,44.0875534961,3.61946476562,VALLERAUGUE,30
85008,85430,46.6028241769,-1.46743549114,AUBIGNY LES CLOUZEAUX,85
22274,22630,48.3731003808,-2.01421441815,ST ANDRE DES EAUX,22
59178,59500,50.3823195335,3.09145683114,DOUAI,59
41220,41220,47.709174366,1.62466277515,ST LAURENT NOUAN,41
95352,95270,49.1151211125,2.44082640954,LUZARCHES,95
84003,84400,43.879393265,5.38921757843,APT,84
93006,93170,48.8690836308,2.42274096688,BAGNOLET,93
33165,33370,44.819815277,-0.439992385579,FARGUES ST HILAIRE,33
31042,31110,42.736147731,0.626640395614,LUCHON,31
17434,17700,46.1044773827,-0.753715269757,SURGERES,17
29039,29900,47.8966260003,-3.90716871821,CONCARNEAU,29
60159,60200,49.3990601478,2.85317249363,COMPIEGNE,60
55272,55800,48.8425240872,5.04206568758,LAIMONT,55
33262,33460,45.004972156,-0.612661871132,MACAU,33
83118,83700,43.4574625431,6.84734210398,ST RAPHAEL,83
37231,37370,47.5816905056,0.466637692187,ST PATERNE RACAN,37
86165,86500,46.4263978846,0.895458347632,MONTMORILLON,86
53250,53540,47.9663369335,-1.04358876565,ST POIX,53
83072,83510,43.4814630298,6.35892744946,LORGUES,83
47238,47340,44.1868209409,0.516380488388,ST ANTOINE DE FICALBA,47
25388,25200,47.5155169816,6.79148147353,MONTBELIARD,25
37204,37360,47.5311263676,0.647449146554,ROUZIERS DE TOURAINE,37
31026,31460,43.519408834,1.82440314638,AURIAC SUR VENDINELLE,31
92073,92150,48.8698479132,2.21965517625,SURESNES,92
84081,84310,43.9337788848,4.90875878315,MORIERES LES AVIGNON,84
82112,82200,44.1262518079,1.09834758014,MOISSAC,82
62604,62152,50.6171328385,1.61729338887,HARDELOT,62
92014,92340,48.7799073627,2.31643010763,BOURG LA REINE,92
38548,38250,45.0600847837,5.54420891959,VILLARD DE LANS,38
01450,1800,45.932014998,5.22953071636,VILLIEU-LOYES-MOLLON,1
76217,76200,49.9222503951,1.08681168449,DIEPPE,76
63178,63500,45.5455577894,3.24499324643,ISSOIRE,63
77441,77920,48.4550515717,2.75291155262,SAMOIS SUR SEINE,77
48027,48190,44.5107452501,3.74294007436,LE BLEYMARD,48
77168,77620,48.1821285238,2.88437118271,EGREVILLE,77
29042,29160,48.2449715382,-4.49170347769,CROZON,29
22162,22500,48.7733386239,-3.05459397042,PAIMPOL,22
83130,83210,43.1907611248,6.06327697157,SOLLIES PONT,83
98813,98880,-21.70927,165.828366,LA FOA,988
98822,98822,-20.936331,165.330548,POINDIMIE,988
31483,31800,43.1199260811,0.726613564199,ST GAUDENS,31
92048,92190,48.8037275796,2.22696287829,MEUDON,92
94068,94100,48.7990677797,2.49386450452,ST MAUR DES FOSSES,94
57206,57290,49.2987006334,6.10649265804,FAMECK,57
69266,69100,45.7707704179,4.88845817426,VILLEURBANNE,69
2B136,20218,42.5804431828,9.16621069911,LAMA,2B
38225,38880,45.1321769623,5.52869303726,AUTRANS MEAUDRE EN VERCORS,38
26324,26130,44.3482808478,4.75744934383,ST PAUL TROIS CHATEAUX,26
24520,24200,44.8983558068,1.2066486429,SARLAT,24
44049,44490,47.2922743449,-2.52277844422,LE CROISIC,44
54580,54190,49.4647155933,5.92643741054,VILLERUPT,54
2A247,20137,41.5924932873,9.25363087024,PORTO VECCHIO,2A
40046,40600,44.409080109,-1.1773616947,BISCARROSSE,40
57463,57070,49.1081133279,6.1955245421,METZ,57
76305,76700,49.4860837457,0.221985693724,GONFREVILLE L ORCHER,76
87206,87190,46.1696846397,1.2141520992,VILLEFAVARD,87
67180,67500,48.8417047695,7.83010404968,HAGUENAU,67
50129,50100,49.633412156,-1.63390160204,CHERBOURG EN COTENTIN,50
31506,31650,43.5590787673,1.53513710649,ST ORENS DE GAMEVILLE,31
06084,6370,43.6185304023,6.96494426706,MOUANS SARTOUX,6
30202,30130,44.2526637065,4.63901945786,PONT ST ESPRIT,30
29024,29270,48.2687578823,-3.56626363851,CARHAIX PLOUGER,29
43135,43150,44.9345419113,4.00710354299,LE MONASTIER SUR GAZEILLE,43
49138,49250,47.4829167789,-0.174198642479,LES BOIS D ANJOU,49
30351,30400,43.9771673582,4.79466040665,VILLENEUVE LES AVIGNON,30
06123,6700,43.6859625772,7.18218791815,ST LAURENT DU VAR,6
53130,53000,48.0608565468,-0.766005687142,LAVAL,53
84035,84300,43.8508361826,5.03606300916,CAVAILLON,84
59273,59820,50.9975626638,2.14413046485,GRAVELINES,59
02789,2140,49.8351798708,3.92522602825,VERVINS,2
43268,43200,45.1393761299,4.13104937731,YSSINGEAUX,43
03236,3260,46.1959477042,3.42997700831,ST GERMAIN DES FOSSES,3
26235,26700,44.3606937732,4.68715113615,PIERRELATTE,26
35037,35310,48.044637167,-1.86571618785,BREAL SOUS MONTFORT,35
38288,38780,45.5646344835,5.03134323358,OYTIER ST OBLAS,38
30350,30120,43.9886565575,3.62522883405,LE VIGAN,30
79049,79300,46.8545755683,-0.479375922286,BRESSUIRE,79
76225,76190,49.6297955951,0.67254078576,ECRETTEVILLE LES BAONS,76
56121,56100,47.7500486947,-3.37823200917,LORIENT,56
70026,70100,47.4628603881,5.58172003346,ARC LES GRAY,70
10003,10190,48.1975745771,3.73632794113,AIX EN OTHE,10
49353,49800,47.451357179,-0.473458788346,TRELAZE,49
40279,40990,43.7464083139,-1.08127980711,ST PAUL LES DAX,40
77183,77260,48.9540164057,3.12762174384,LA FERTE SOUS JOUARRE,77
34270,34430,43.5716282319,3.83221847952,ST JEAN DE VEDAS,34
22266,22110,48.2215427736,-3.31179704668,ROSTRENEN,22
03036,3160,46.5836819113,3.05141625983,BOURBON L ARCHAMBAULT,3
51050,51210,48.8453830392,3.59711725011,BERGERES SOUS MONTMIRAIL,51
31232,31330,43.7640507757,1.28038974975,GRENADE,31
53004,53200,47.8051436119,-0.823338302617,AMPOIGNE,53
59392,59600,50.283630719,3.96328053037,MAUBEUGE,59
97602,97650,-12.7232292527,45.1181212208,BANDRABOUA,976
74200,74500,46.3921186949,6.60933233238,NEUVECELLE,74
67212,67810,48.5567634132,7.64425286816,HOLTZHEIM,67
33273,33127,44.8450267218,-0.795499117928,MARTIGNAS SUR JALLE,33
25462,25300,46.9119730882,6.38914602031,PONTARLIER,25
40266,40170,44.0910922901,-1.24835443544,ST JULIEN EN BORN,40
70421,70170,47.692500452,6.03302774909,PORT SUR SAONE,70
88413,88100,48.2967093514,6.93809367547,ST DIE DES VOSGES,88
13050,13410,43.6615217681,5.25191446931,LAMBESC,13
12274,12360,43.8251925157,2.95288652879,SYLVANES,12
52331,52220,48.4874732749,4.78668890124,MONTIER EN DER,52
83069,83400,43.1018713534,6.18898508469,HYERES,83
65286,65100,43.1074297344,-0.0768069387932,LOURDES,65
15014,15000,44.9245233686,2.44162453828,AURILLAC,15
70550,70000,47.6320408648,6.1548458149,VESOUL,70
51108,51000,48.9640892125,4.37883539725,CHALONS EN CHAMPAGNE,51
89368,89520,47.6390792978,3.20437842755,ST SAUVEUR EN PUISAYE,89
41045,41150,47.4655792877,1.19931554619,CHAUMONT SUR LOIRE,41
88196,88400,48.0653057669,6.85912240068,GERARDMER,88
14047,14400,49.2776559195,-0.704625495378,BAYEUX,14
91377,91300,48.7277896426,2.27513131903,MASSY,91
78440,78130,48.9888041078,1.91363448925,LES MUREAUX,78
95199,95330,49.0296655684,2.32290103729,DOMONT,95
97306,97360,4.98285747902,-53.6480364932,MANA,973
73303,73400,45.7718876928,6.43266345275,VAL D ISERE,73
33039,33130,44.8016009051,-0.547755768448,BEGLES,33
48193,48400,44.2551348683,3.54353418299,VEBRON,48
27229,27000,49.02015421,1.14164412464,EVREUX,27
33318,33600,44.7915990521,-0.676303166277,PESSAC,33
98735,98714,-17.552056,-149.55886,PAPEETE,987
56069,56590,47.6372394221,-3.4644268016,GROIX,56
29158,29760,47.8121478804,-4.34003367039,PENMARCH,29
62765,62500,50.7679781717,2.26334881482,ST OMER,62
07010,7100,45.2460902392,4.65026947295,ANNONAY,7
74173,74120,45.8401573581,6.62348394015,MEGEVE,74
30341,30600,43.6258468531,4.30597093294,VAUVERT,30
77463,77810,48.4042073432,2.77997290314,THOMERY,77
03190,3000,46.5624641056,3.32662040221,MOULINS,3
02168,2400,49.0564070801,3.38160004843,CHATEAU THIERRY,2
07011,7530,44.7393183247,4.35517589387,ANTRAIGUES,7
38105,38850,45.4166318565,5.556774983,CHIRENS,38
56041,56480,48.1278326906,-3.0634223364,CLEGUEREC,56
44129,44160,47.433636363,-2.09556089039,PONTCHATEAU,44
21584,21210,47.2840306915,4.23192469784,SAULIEU,21
26125,26400,44.758262486,4.97623533568,EURRE,26
29124,29260,48.5801251196,-4.31293757639,LESNEVEN,29
13100,13210,43.7834249015,4.85366665286,ST REMY DE PROVENCE,13
49099,49300,47.0454402992,-0.877886189605,CHOLET,49
50099,50500,49.2963250601,-1.2559215726,CARENTAN LES MARAIS,50
56260,56000,47.6597493766,-2.75714329498,VANNES,56
79174,79500,46.2309583731,-0.147888712984,MELLE,79
16113,16400,45.6096373338,0.109121178707,LA COURONNE,16
37079,37150,47.3394574162,1.04082548728,CIVRAY DE TOURAINE,37
06079,6210,43.5380510468,6.91808936542,MANDELIEU LA NAPOULE,6
97204,97221,14.7110039815,-61.1647565483,CARBET,972
81145,81310,43.8974980421,1.78200143861,LISLE SUR TARN,81
77379,77160,48.5633093312,3.28756780085,PROVINS,77
56153,56361,47.5826411591,-2.33551260645,LE PALAIS,56
86139,86600,46.4377572057,0.114217790925,LUSIGNAN,86
89155,89290,47.7225909756,3.60249190307,ESCOLIVES STE CAMILLE,89
92077,92410,48.8215895592,2.17761311514,VILLE D AVRAY,92
05063,5320,45.0601102401,6.28406977587,LA GRAVE,5
97605,97670,-12.821522233,45.1132970298,CHICONI,976
74236,74170,45.8571864862,6.74016257718,ST GERVAIS LES BAINS,74
62498,62300,50.4374264148,2.82105851259,LENS,62
95428,95160,48.9918643363,2.32119797848,MONTMORENCY,95
70227,70310,47.8319641353,6.5834328372,FAUCOGNEY ET LA MER,70
07324,7300,45.0535734386,4.81493474284,TOURNON SUR RHONE,7
76212,76160,49.4445058359,1.15546994024,DARNETAL,76
94058,94170,48.8423952383,2.50406848573,LE PERREUX SUR MARNE,94
66037,66140,42.6841288047,3.01161744752,CANET EN ROUSSILLON,66
17140,17550,45.9096185439,-1.25750953748,DOLUS D OLERON,17
10387,10000,48.2967099637,4.07827967525,TROYES,10
14715,14360,49.3721246762,0.102123470052,TROUVILLE SUR MER,14
74250,74800,46.063686335,6.37244945345,ST PIERRE EN FAUCIGNY,74
91477,91120,48.7146765876,2.22881488083,PALAISEAU,91
02706,2200,49.3384597812,3.36210276584,SEPTMONTS,2
92002,92160,48.7503412602,2.2993268102,ANTONY,92
63047,63150,45.5796236201,2.7501805247,LA BOURBOULE,63
68332,68720,47.6548634844,7.26381080113,TAGOLSHEIM,68
80670,80540,49.8400277548,2.1143709231,REVELLES,80
55029,55000,48.7642280465,5.16346492169,BAR LE DUC,55
09122,9000,42.9658502274,1.61037495894,FOIX,9
14076,14550,49.2281536645,-0.304322423176,BLAINVILLE SUR ORNE,14
09261,9200,42.9752923045,1.15326595533,ST GIRONS,9
17299,17300,45.9432344536,-0.972356445692,ROCHEFORT,17
10289,10380,48.5851575322,3.98528853809,PLANCY L ABBAYE,10
56158,56890,47.6973490259,-2.83080852214,PLESCOP,56
22153,22510,48.3581980369,-2.63225581837,MONCONTOUR,22
06152,6560,43.628288325,7.02954476696,VALBONNE,6
17373,17220,46.1592023268,-0.967137851085,ST MEDARD D AUNIS,17
81271,81370,43.7589885163,1.68659997767,ST SULPICE LA POINTE,81
32410,32130,43.4935426323,0.934596447621,SAMATAN,32
13053,13370,43.7285832667,5.18297726548,MALLEMORT,13
87110,87520,45.9310728054,1.02303381376,ORADOUR SUR GLANE,87
09032,9110,42.6873576342,1.81825994194,AX LES THERMES,9
43092,43430,44.9856971989,4.21170048593,FAY SUR LIGNON,43
60172,60580,49.1449874027,2.47045856809,COYE LA FORET,60
95203,95600,48.9909940165,2.27800925488,EAUBONNE,95
07019,7200,44.6102127084,4.39638981424,AUBENAS,7
92022,92370,48.8076083562,2.19234061062,CHAVILLE,92
50353,50170,48.6222106276,-1.53309065436,LE MONT ST MICHEL,50
91272,91190,48.6988273634,2.12788365005,GIF SUR YVETTE,91
70279,70100,47.4320889937,5.61070658545,GRAY,70
46072,46310,44.6672951054,1.39090015895,CONCORES,46
17461,17640,45.6448017664,-1.05853577703,VAUX SUR MER,17
18241,18300,47.3256994042,2.82156691385,SANCERRE,18
76592,76170,49.505056753,0.499483150435,ST JEAN DE FOLLEVILLE,76
01343,1380,46.2754005606,4.96757105158,ST CYR SUR MENTHON,1
71009,71550,47.0770713545,4.09241779804,AZE,71
49328,49400,47.2673853525,-0.0830410591988,SAUMUR,49
2B231,20220,42.599340833,8.90040924261,PIGNA,2B
01305,1190,46.4422864477,4.92862459427,PONT DE VAUX,1
87002,87240,45.9534226621,1.39930873296,AMBAZAC,87
06157,6140,43.7384640641,7.10194436087,VENCE,6
45004,45200,47.9867116879,2.78217519303,AMILLY,45
93027,93120,48.9322569546,2.39978064801,LA COURNEUVE,93
29220,29120,47.8654885488,-4.21962319652,PONT L ABBE,29
03064,3320,46.7817092789,2.98716115012,CHATEAU SUR ALLIER,3
64499,64270,43.4683239252,-0.917789447505,SALIES DE BEARN,64
92007,92220,48.7983229866,2.30989995212,BAGNEUX,92
56231,56250,47.6984675237,-2.66583210925,ST NOLFF,56
29103,29800,48.4507528968,-4.2643453824,LANDERNEAU,29
35035,35330,47.9563331223,-1.95993951204,BOVEL,35
93073,93290,48.9784304121,2.55468501543,TREMBLAY EN FRANCE,93
76647,76430,49.5286231796,0.363829451738,ST ROMAIN DE COLBOSC,76
71014,71400,46.945536773,4.31060069532,AUTUN,71
56186,56170,47.4881657518,-3.12282400639,QUIBERON,56
74275,74210,45.8357923857,6.23052089871,TALLOIRES MONTMIN,74
66008,66700,42.5352193463,3.02429862885,ARGELES SUR MER,66
69259,69200,45.7037728826,4.88137668221,VENISSIEUX,69
68359,68700,47.8421539165,7.17527188812,WATTWILLER,68
35115,35300,48.3524697115,-1.19431177241,FOUGERES,35
51454,51100,49.2514906066,4.0402302322,REIMS,51
44210,44570,47.3125328416,-2.20700045585,TRIGNAC,44
12185,12290,44.277717255,2.70931526263,PONT DE SALARS,12
31390,31210,43.0885884936,0.558463262724,MONTREJEAU,31
41127,41210,47.5829832487,1.78891907492,LA MAROLLE EN SOLOGNE,41
84088,84210,43.9960550539,5.03959100234,PERNES LES FONTAINES,84
42313,42130,45.7251404881,4.00078301382,TRELINS,42
33249,33310,44.8765972567,-0.519774925453,LORMONT,33
38253,38860,45.0159885994,6.13818619624,LES DEUX ALPES,38
26141,26400,44.8113617403,5.11358630739,GISORS ET LOZERON,26
17240,17130,45.2880726146,-0.387479585943,MONTENDRE,17
85109,85500,46.8666125813,-1.02216086186,LES HERBIERS,85
94034,94260,48.7571343016,2.32612839743,FRESNES,94
39244,39210,46.7884051607,5.63215279855,FRONTENAY,39
39300,39000,46.6744796278,5.55733212947,LONS LE SAUNIER,39
03118,3800,46.0984192073,3.17790823629,GANNAT,3
41259,41100,47.7859819999,0.970946922736,THORE LA ROCHETTE,41
22113,22300,48.7433496707,-3.46159799691,LANNION,22
47210,47130,44.2605042795,0.374453245526,PORT STE MARIE,47
47157,47200,44.5055176845,0.172174280849,MARMANDE,47
66004,66210,42.5797574108,2.05268528008,LES ANGLES,66
86246,86310,46.5832866024,0.840222181095,ST SAVIN SUR GARTEMPE,86
46120,46250,44.6266225054,1.26418092568,GINDOU,46
01024,1340,46.2861802203,5.1795233845,ATTIGNAT,1
31557,31170,43.5781918597,1.33500697752,TOURNEFEUILLE,31
29210,29420,48.5765978002,-4.02210161181,PLOUVORN,29
82033,82100,44.0490326525,1.12348123121,CASTELSARRASIN,82
44113,44170,47.5728858483,-1.60097664616,NOZAY,44
87014,87250,46.1088644019,1.3601193629,BESSINES SUR GARTEMPE,87
45285,45140,47.9116141172,1.87108144709,ST JEAN DE LA RUELLE,45
44066,44119,47.3606796643,-1.61754475868,GRANDCHAMP DES FONTAINES,44
34032,34500,43.3475883319,3.23076754164,BEZIERS,34
42184,42153,46.0429114311,4.03375590925,RIORGES,42
30138,30980,43.8045117845,4.25533661815,LANGLADE,30
84129,84700,44.0145763951,4.86740515419,SORGUES,84
62477,62690,50.3147014081,2.53156899896,IZEL LES HAMEAUX,62
74243,74160,46.139365545,6.07881171095,ST JULIEN EN GENEVOIS,74
92049,92120,48.8153032159,2.31648921432,MONTROUGE,92
10333,10120,48.2782659904,4.04840305057,ST ANDRE LES VERGERS,10
03312,3430,46.5001110432,2.88222237454,VIEURE,3
38170,38120,45.2540718462,5.66423363739,FONTANIL CORNILLON,38
78616,78770,48.8724624004,1.79780062062,THOIRY,78
33119,33150,44.8548325665,-0.521018807062,CENON,33
94071,94370,48.7656456593,2.5330560803,SUCY EN BRIE,94
67118,67201,48.5790053064,7.68216295597,ECKBOLSHEIM,67
44043,44190,47.097896998,-1.27042598067,CLISSON,44
33537,33730,44.4334139021,-0.324575198234,UZESTE,33
59359,59279,51.0012144614,2.22304802432,LOON PLAGE,59
50267,50430,49.2167143742,-1.52478862014,LESSAY,50
25311,25250,47.3809106703,6.63896940193,LA CUDE HYEMONDANS,25
24164,24160,45.3293054433,1.06217894627,EXCIDEUIL,24
63236,63240,45.5760999131,2.80995918175,MONT DORE,63
34322,34270,43.8020094105,3.86188285063,VALFLAUNES,34
59051,59480,50.5397647046,2.80910290453,LA BASSEE,59
17333,17110,45.6036278448,-0.980098297165,ST GEORGES DE DIDONNE,17
69271,69680,45.7376148968,4.96172914286,CHASSIEU,69
39333,39260,46.4388080084,5.73795329823,MOIRANS EN MONTAGNE,39
60382,60280,49.4329968709,2.8054861143,MARGNY LES COMPIEGNE,60
87107,87510,45.9214559183,1.18018067279,NIEUL,87
27265,27160,48.7942723344,0.838965152911,FRANCHEVILLE,27
68166,68260,47.7889765168,7.32299335222,KINGERSHEIM,68
55545,55100,49.1454831903,5.36141821261,VERDUN,55
15094,15150,44.974801878,2.19344155664,LAROQUEBROU,15
69255,69670,45.7318792519,4.64378667979,VAUGNERAY,69
37208,37550,47.3571561121,0.737544440483,ST AVERTIN,37
92040,92130,48.82347434,2.26449823277,ISSY LES MOULINEAUX,92
06033,6510,43.7850390592,7.18414159904,CARROS,6
24102,24650,45.2100121087,0.655273444534,CHANCELADE,24
83023,83170,43.3992941902,6.07740244296,BRIGNOLES,83
33281,33700,44.8322953289,-0.681733084891,MERIGNAC,33
71149,71490,46.869155076,4.56431598435,COUCHES,71
26146,26230,44.4369175751,4.90180143483,GRIGNAN,26
66212,66440,42.7533924686,3.00860614432,TORREILLES,66
30136,30250,43.7615067362,4.11752159876,JUNAS,30
74119,74500,46.3924102379,6.58612507528,EVIAN LES BAINS,74
22186,22370,48.5840054611,-2.53016887694,PLENEUF VAL ANDRE,22
65295,65120,42.8320053922,0.0163906780322,LUZ ST SAUVEUR,65
42147,42600,45.6008365515,4.0713982073,MONTBRISON,42
56137,56250,47.7315728601,-2.69647257441,MONTERBLANC,56
80565,80260,49.9964398506,2.29571982025,MONTONVILLERS,80
13091,13760,43.6136286667,5.30698257258,ST CANNAT,13
78537,78730,48.5725220079,1.93463847942,ST ARNOULT EN YVELINES,78
84148,84570,44.0660605145,5.25707803023,VILLES SUR AUZON,84
68292,68550,47.887678929,7.04124424443,ST AMARIN,68
33238,33850,44.7191460436,-0.614707683753,LEOGNAN,33
74078,74270,45.9734444894,5.90937510902,CLERMONT,74
85277,85540,46.5034756656,-1.382954206,ST VINCENT SUR GRAON,85
45232,45160,47.8546997503,1.88823884753,OLIVET,45
17318,17590,46.2363966414,-1.53823691013,ST CLEMENT DES BALEINES,17
42224,42660,45.3472458116,4.43132626452,ST GENEST MALIFAUX,42
77131,77120,48.8122991656,3.09124381847,COULOMMIERS,77
35130,35630,48.3018808207,-1.77748405021,HEDE BAZOUGES,35
05085,5100,44.9389932221,6.72778259009,MONTGENEVRE,5
03214,3240,46.4445146062,3.03677199137,ROCLES,3
34145,34400,43.6820481757,4.13566472301,LUNEL,34
60498,60130,49.5081515622,2.4596143307,LE PLESSIER SUR ST JUST,60
13028,13600,43.1926410861,5.61318955778,LA CIOTAT,13
50102,50740,48.749037599,-1.55955935077,CAROLLES,50
33005,33510,44.754520164,-1.08109347037,ANDERNOS LES BAINS,33
40312,40220,43.5367457997,-1.4653189934,TARNOS,40
61214,61300,48.7561549553,0.611126420423,L AIGLE,61
34314,34270,43.7367810666,3.85739515015,LE TRIADOU,34
22050,22100,48.4557709953,-2.04816149693,DINAN,22
17369,17410,46.1990908569,-1.36683779933,ST MARTIN DE RE,17
13046,13850,43.4262029745,5.54685109195,GREASQUE,13
37156,37270,47.3824921367,0.841267944196,MONTLOUIS SUR LOIRE,37
68226,68140,48.0448514207,7.14149744282,MUNSTER,68
17264,17137,46.2087181622,-1.16596945116,NIEUL SUR MER,17
78220,78690,48.716019265,1.8952517006,LES ESSARTS LE ROI,78
32233,32230,43.521249291,0.156300856185,MARCIAC,32
76108,76230,49.4717615714,1.12022637351,BOIS GUILLAUME,76
29239,29680,48.7123362901,-3.989722876,ROSCOFF,29
40287,40460,44.4778702748,-1.06434519608,SANGUINET,40
93048,93100,48.8633175054,2.44816211857,MONTREUIL,93
64430,64300,43.4943173399,-0.779874853399,ORTHEZ,64
73197,73210,45.5103194255,6.81520574462,PEISEY NANCROIX,73
22377,22410,48.6598480306,-2.87375934756,TREVENEUC,22
06065,6610,43.721423765,7.16039926444,LA GAUDE,6
11319,11380,43.3939652788,2.37477905225,ROQUEFERE,11
50147,50200,49.0566189539,-1.44345003609,COUTANCES,50
13022,13260,43.2230470065,5.55117810991,CASSIS,13
07133,7220,44.4543456079,4.59606913482,LARNAS,7
06089,6650,43.6575610719,7.00860864158,OPIO,6
10033,10200,48.2339751025,4.71595700167,BAR SUR AUBE,10
86066,86100,46.8156700185,0.552598976936,CHATELLERAULT,86
14366,14100,49.1466628463,0.238274840452,LISIEUX,14
57672,57100,49.3759716201,6.12928314217,THIONVILLE,57
29153,29920,47.8154082656,-3.77625131302,NEVEZ,29
54528,54200,48.6865463937,5.89508449535,TOUL,54
74281,74200,46.3704258049,6.48194336071,THONON LES BAINS,74
45155,45500,47.71227944,2.66549550204,GIEN,45
59198,59132,50.1185512931,4.16530475504,EPPE SAUVAGE,59
49194,49630,47.4603950447,-0.284298744303,MAZE,49
56178,56300,48.0729953877,-2.97046592885,PONTIVY,56
29077,29880,48.6169101259,-4.41110953523,GUISSENY,29
19269,19260,45.5524776279,1.80105006647,TREIGNAC,19
85035,85470,46.6374826705,-1.86324200464,BRETIGNOLLES SUR MER,85
47101,47200,44.4554149219,0.154536756798,FOURQUES SUR GARONNE,47
59183,59430,51.0307229078,2.33752414095,DUNKERQUE,59
85067,85390,46.6786935635,-0.782949851125,CHEFFOIS,85
64393,64360,43.2911768338,-0.562421409058,MONEIN,64
63457,63270,45.6440673683,3.24047430326,VIC LE COMTE,63
18176,18220,47.2421364963,2.53814745107,PARASSY,18
77470,77220,48.739865817,2.77820566994,TOURNAN EN BRIE,77
80212,80800,49.9202042489,2.49498506906,CORBIE,80
35120,35850,48.2133254705,-1.79930703575,GEVEZE,35
25325,25530,47.2603830516,6.48915118252,LANDRESSE,25
67313,67190,48.538054845,7.45530315563,MUTZIG,67
83071,83250,43.1689213414,6.24285151023,LA LONDE LES MAURES,83
28214,28240,48.473175806,1.02235330632,LA LOUPE,28
71235,71870,46.3429969068,4.79636186257,HURIGNY,71
44110,44390,47.447122285,-1.51824792558,NORT SUR ERDRE,44
13018,13440,43.8584804516,4.95793402726,CABANNES,13
63430,63300,45.8620554106,3.53945258847,THIERS,63
62736,62840,50.6532332701,2.79249849805,SAILLY SUR LA LYS,62
37083,37320,47.2592432669,0.845873952159,CORMERY,37
51019,51600,49.1972757573,4.41096827282,AUBERIVE,51
31332,31190,43.3594273416,1.53862839097,MAUVAISIN,31
87106,87800,45.6749732411,1.18567878559,NEXON,87
42207,42400,45.4698319517,4.50184989506,ST CHAMOND,42
12162,12160,44.3275804769,2.42736716891,MOYRAZES,12
56001,56350,47.6392193445,-2.17681507496,ALLAIRE,56
42172,42660,45.3861155626,4.431442219,PLANFOY,42
78688,78960,48.758677648,2.04850691768,VOISINS LE BRETONNEUX,78
84138,84600,44.3771588623,4.99354936197,VALREAS,84
60175,60100,49.2533487138,2.48472669359,CREIL,60
89387,89100,48.1956727015,3.29793332552,SENS,89
07115,7120,44.4680870605,4.31105082566,LABEAUME,7
30356,30230,43.825503937,4.43410669109,RODILHAN,30
45257,45290,47.8777160651,2.76127674486,PRESSIGNY LES PINS,45
30295,30700,44.057337074,4.43872425053,ST QUENTIN LA POTERIE,30
85208,85170,46.8325959261,-1.3830312677,ST DENIS LA CHEVASSE,85
18127,18160,46.7617210337,2.20479418633,LIGNIERES,18
91228,91000,48.6294831659,2.44008244492,EVRY,91
25116,25360,47.2883174221,6.24419443876,CHAMPLIVE,25
17104,17210,45.2991036157,-0.212745427896,CHEVANCEAUX,17
40304,40150,43.6675688674,-1.41245896656,SOORTS HOSSEGOR,40
18157,18570,47.0436630553,2.27235598629,MORTHOMIERS,18
18015,18700,47.4861718263,2.42121788452,AUBIGNY SUR NERE,18
87023,87140,46.0341686702,1.20438019379,LE BUIS,87
80443,80640,49.8474299808,1.90289897698,HORNOY LE BOURG,80
56169,56680,47.6929109171,-3.23358959435,PLOUHINEC,56
69212,69380,45.8746263893,4.68243695399,ST JEAN DES VIGNES,69
62627,62490,50.3091545259,3.02186108116,NOYELLES SOUS BELLONNE,62
52170,52190,47.6892296711,5.35283846982,DOMMARIEN,52
15234,15130,44.8209679734,2.53827855316,TEISSIERES LES BOULIES,15
27279,27620,49.1020218463,1.59975187173,GASNY,27
07005,7400,44.5544439142,4.59597695147,ALBA LA ROMAINE,7
57540,57370,48.7666597988,7.26359977418,PHALSBOURG,57
78350,78430,48.8590188206,2.11364039022,LOUVECIENNES,78
54128,54200,48.6534236231,5.80737190718,CHOLOY MENILLOT,54
62194,62470,50.4898416084,2.48534476198,CALONNE RICOUART,62
44214,44170,47.5453431813,-1.70810408082,VAY,44
84042,84160,43.778224355,5.44361580359,CUCURON,84
47001,47000,44.2028139104,0.625583928763,AGEN,47
38442,38380,45.331212571,5.79772583855,ST PIERRE DE CHARTREUSE,38
35066,35131,48.0451561683,-1.70650297343,CHARTRES DE BRETAGNE,35
33200,33185,44.8690837903,-0.684443512134,LE HAILLAN,33
54105,54113,48.5723193391,5.84368578538,BULLIGNY,54
86297,86580,46.5792555716,0.270706459664,VOUNEUIL SOUS BIARD,86
76378,76480,49.427073553,0.831659847193,JUMIEGES,76
83099,83480,43.4717671252,6.68628195857,PUGET SUR ARGENS,83
76255,76260,50.0413268784,1.42861757801,EU,76
69167,69640,46.0065781442,4.58017136765,RIVOLET,69
29047,29860,48.5330700302,-4.38126617487,LE DRENNEC,29
59295,59190,50.7262967113,2.53864301455,HAZEBROUCK,59
70459,70270,47.7410393174,6.60409347666,ST BARTHELEMY,70
79005,79600,46.8329725103,-0.135880248296,AIRVAULT,79
21166,21300,47.2926136721,5.00488353457,CHENOVE,21
36100,36400,46.6194091093,2.01790100072,LOUROUER ST LAURENT,36
28280,28400,48.3176302432,0.804048016354,NOGENT LE ROTROU,28
54222,54830,48.4934294526,6.51089844698,GERBEVILLER,54
43051,43400,45.0524632592,4.31966525163,LE CHAMBON SUR LIGNON,43
33289,33580,44.6462089079,0.0892904208174,MONSEGUR,33
18197,18200,46.726171431,2.52013626979,ST AMAND MONTROND,18
72154,72200,47.6893893794,-0.0646954849714,LA FLECHE,72
56147,56130,47.5405533272,-2.24923467173,NIVILLAC,56
61483,61140,48.5556585202,-0.419510749596,BAGNOLES DE L ORNE NORMANDIE,61
37122,37300,47.333556074,0.654546300116,JOUE LES TOURS,37
83009,83150,43.1473544522,5.74789358398,BANDOL,83
73175,73220,45.5314889919,6.36669427224,MONTSAPEY,73
85113,85350,46.7093514816,-2.34712702345,ILE D'YEU,85
61078,61100,48.7831815078,-0.623679681205,CERISY BELLE ETOILE,61
42168,42410,45.4230806352,4.65991656851,PELUSSIN,42
11206,11300,43.0499293279,2.23958811407,LIMOUX,11
45284,45800,47.9178497622,1.97241570235,ST JEAN DE BRAYE,45
25453,25510,47.2194158941,6.5503792835,PIERREFONTAINE LES VARANS,25
87131,87720,45.8704899446,0.834066842263,SAILLAT SUR VIENNE,87
84086,84580,43.8313175338,5.16982150363,OPPEDE,84
07346,7220,44.4834547319,4.66986126314,AUBENAS,7
04112,4100,43.8354040831,5.79106654173,MANOSQUE,4
44168,44720,47.3721622371,-2.24296601109,ST JOACHIM,44
86137,86200,47.0098072856,0.0990443124673,LOUDUN,86
45068,45120,48.0188121595,2.73578852299,CHALETTE SUR LOING,45
49355,49340,47.1227107975,-0.801475622875,TREMENTINES,49
59139,59540,50.1187185043,3.4192394153,CAUDRY,59
59179,59282,50.2994352925,3.38947295524,DOUCHY LES MINES,59
62215,62220,50.4895185959,2.94858062937,CARVIN,62
94003,94110,48.8058803597,2.33351024984,ARCUEIL,94
02691,2100,49.8472336321,3.27769499462,ST QUENTIN,2
62019,62160,50.4212424085,2.71263968704,AIX NOULETTE,62
04019,4400,44.3785614205,6.65215089713,BARCELONNETTE,4
79270,79400,46.4128319027,-0.210238265156,ST MAIXENT L ECOLE,79
53127,53110,48.4421089808,-0.498821106653,LASSAY LES CHATEAUX,53
44184,44600,47.2802857028,-2.25379927249,ST NAZAIRE,44
04049,4160,44.0854706133,5.99239535024,CHATEAU ARNOUX ST AUBAN,4
22299,22100,48.4661154661,-1.95919641216,ST HELEN,22
90029,90300,47.6518069558,6.82383810256,CRAVANCHE,90
11170,11430,43.1040163547,3.08229513652,GRUISSAN,11
63281,63330,46.1199954597,2.68534957248,PIONSAT,63
27169,27210,49.4174960871,0.391276015721,CONTEVILLE,27
31523,31260,43.1013456235,0.962933495319,SALIES DU SALAT,31
17285,17350,45.818051845,-0.672067298755,PORT D ENVAUX,17
97416,97410,-21.3123242427,55.4936155164,ST PIERRE,974
69260,69390,45.6493899066,4.80930520738,VERNAISON,69
62637,62590,50.4644483399,2.99306842451,OIGNIES,62
56263,56400,47.7009234212,-2.95341644757,SAINTE ANNE D'AURAY,56
85100,85800,46.6822701061,-1.8787272243,GIVRAND,85
10426,10310,48.1358669154,4.77205760299,VILLE SOUS LA FERTE,10
83068,83310,43.2820282501,6.53303224114,GRIMAUD,83
57439,57480,49.4535376683,6.44989622561,MANDEREN,57
78420,78490,48.771347152,1.80894544858,MONTFORT L'AMAURY,78
41047,41260,47.6111559006,1.35763609326,LA CHAUSSEE ST VICTOR,41
11190,11700,43.2477384944,2.64987073042,LA REDORTE,11
27467,27500,49.3463869637,0.533874716445,PONT AUDEMER,27
35056,35190,48.3817396388,-1.8184050063,LA CHAPELLE AUX FILTZMEENS,35
69288,69720,45.6834072587,5.06089287169,ST LAURENT DE MURE,69
27170,27260,49.2517321161,0.384551732765,CORMEILLES,27
11266,11210,43.0210644931,3.03976442192,PORT LA NOUVELLE,11
83136,83340,43.458933028,6.28265623456,LE THORONET,83
71263,71500,46.6351883548,5.23839292789,LOUHANS,71
97121,97116,16.227093809,-61.7632677647,POINTE NOIRE,971
85092,85200,46.4563186117,-0.793449510859,FONTENAY LE COMTE,85
54323,54400,49.5214021779,5.76638370702,LONGWY,54
43157,43000,45.0276366659,3.89535229067,LE PUY EN VELAY,43
57480,57950,49.0953199106,6.15452599506,MONTIGNY LES METZ,57
12012,12700,44.555388853,2.13842661504,ASPRIERES,12
69072,69570,45.8120018662,4.74663974001,DARDILLY,69
73008,73100,45.6978541675,5.90388626955,AIX LES BAINS,73
44010,44740,47.2844487793,-2.474374647,BATZ SUR MER,44
59033,59620,50.2058749072,3.83263118494,AULNOYE AYMERIES,59
07295,7190,44.8202271347,4.57255179328,ST SAUVEUR DE MONTAGUT,7
42044,42500,45.3886064564,4.33196255695,LE CHAMBON FEUGEROLLES,42
18001,18250,47.2826534372,2.45877786434,ACHERES,18
29098,29810,48.4502704596,-4.76463637416,LAMPAUL PLOUARZEL,29
58041,58420,47.2843863072,3.49020583859,BRINON SUR BEUVRON,58
56094,56700,47.7686555667,-3.2479141613,KERVIGNAC,56
70311,70300,47.823919724,6.36363973342,LUXEUIL LES BAINS,70
81099,81600,43.9170968776,1.88647213801,GAILLAC,81
17168,17450,45.9830753407,-1.07700521801,FOURAS,17
72132,72400,48.1842560568,0.634694806211,LA FERTE BERNARD,72
50502,50000,49.1099624249,-1.07755642702,ST LO,50
29233,29300,47.8561303355,-3.55642894655,QUIMPERLE,29
33352,33190,44.5860904495,-0.042370404021,LA REOLE,33
13095,13100,43.5561849254,5.52206993794,ST MARC JAUMEGARDE,13
22258,22120,48.4272969207,-2.65707016677,QUESSOY,22
84014,84120,43.7379108971,5.69599127224,BEAUMONT DE PERTUIS,84
30325,30440,43.9885776737,3.73217518553,SUMENE,30
50562,50550,49.5993508281,-1.27306891683,ST VAAST LA HOUGUE,50
18038,18200,46.7757107356,2.42892835888,BRUERE ALLICHAMPS,18
72153,72500,47.7918893529,0.410315352572,JUPILLES,72
72090,72160,48.0507447506,0.467977281249,CONNERRE,72
59616,59690,50.4735638651,3.56606734565,VIEUX CONDE,59
86207,86270,46.7754623113,0.80240732874,LA ROCHE POSAY,86
01143,1220,46.3756333495,6.1158647611,DIVONNE LES BAINS,1
69047,69380,45.891187551,4.66063186811,CHARNAY,69
73051,73370,45.6441486088,5.84622475132,LE BOURGET DU LAC,73
63327,63200,45.9285193382,3.11628669554,ST BONNET PRES RIOM,63
33550,33140,44.773185218,-0.558212256384,VILLENAVE D ORNON,33
49120,49092,47.3777256876,-0.609937724094,CHEMILLE EN ANJOU,49
44164,44680,47.0958948849,-1.87983637967,ST HILAIRE DE CHALEONS,44
07064,7160,44.9076391858,4.42108479359,LE CHEYLARD,7
66164,66600,42.7785910442,2.87687296538,RIVESALTES,66
81309,81140,44.070490584,1.80207559018,VAOUR,81
82121,82000,44.0222594578,1.36408636501,MONTAUBAN,82
97413,97424,-21.1665966424,55.3331335776,ST LEU,974
27112,27160,48.8525387012,0.899890466074,BRETEUIL SUR ITON,27
31044,31130,43.6115258731,1.50459138348,BALMA,31
82088,82250,44.163304209,1.95842635186,LAGUEPIE,82
23192,23290,46.1269796893,1.53252260223,ST ETIENNE DE FURSAC,23
62510,62800,50.4242782538,2.77291885384,LIEVIN,62
33529,33260,44.5561823053,-1.17530826791,LA TESTE DE BUCH,33
94044,94450,48.7450357782,2.48936184357,LIMEIL BREVANNES,94
42145,42840,46.032936055,4.22546405807,MONTAGNY,42
33192,33170,44.7709411201,-0.616137682116,GRADIGNAN,33
40296,40510,43.7021964029,-1.3970873051,SEIGNOSSE,40
43224,43600,45.2470426213,4.22851598334,STE SIGOLENE,43
73105,73360,45.4514870099,5.74305650824,LES ECHELLES,73
73296,73320,45.4816828491,6.93635513554,TIGNES,73
21716,21640,47.174271631,4.95989664941,VOUGEOT,21
43041,43700,45.0463267089,3.92401115104,BRIVES CHARENSAC,43
57227,57600,49.1912650369,6.89275798526,FORBACH,57
74134,74260,46.1542288253,6.66014566051,LES GETS,74
71105,71850,46.3041852737,4.78693813476,CHARNAY LES MACON,71
31069,31700,43.6421867862,1.37886941086,BLAGNAC,31
59401,59270,50.7479005121,2.67634884839,METEREN,59
93070,93400,48.909806575,2.33257042205,ST OUEN,93
78124,78420,48.9119335064,2.17838235323,CARRIERES SUR SEINE,78
78358,78600,48.9523369002,2.15161594901,MAISONS LAFFITTE,78
56125,56300,48.0690022602,-3.05620760639,MALGUENAC,56
33389,33820,45.2980782445,-0.648058188533,ST CIERS SUR GIRONDE,33
67281,67390,48.1496222393,7.56101805973,MARCKOLSHEIM,67
82005,82600,43.7960241357,1.22532777135,AUCAMVILLE,82
57447,57155,49.0658509672,6.15231485365,MARLY,57
48092,48100,44.5581181858,3.28780886743,MARVEJOLS,48
33539,33870,44.8910656059,-0.32583268578,VAYRES,33
31433,31120,43.529395272,1.40251955724,PORTET SUR GARONNE,31
44155,44310,47.0251492396,-1.55906118865,ST COLOMBAN,44
79175,79190,46.1300825848,0.00534971717862,MELLERAN,79
91386,91540,48.5586242184,2.43753236038,MENNECY,91
38226,38710,44.8147716057,5.75218343717,MENS,38
66074,66500,42.657654474,2.44661138862,EUS,66
38466,38660,45.3749280893,5.95880834631,ST VINCENT DE MERCUZE,38
86006,86310,46.5360016424,0.839149696505,ANTIGNY,86
12145,12100,44.0976252203,3.11705384129,MILLAU,12
09194,9500,43.1093995072,1.86916991814,MIREPOIX,9
24322,24000,45.1918704873,0.711825549847,PERIGUEUX,24
91223,91150,48.4211282308,2.13838881712,ETAMPES,91
12089,12300,44.567273002,2.25243853064,DECAZEVILLE,12
51312,51150,49.0158806281,4.27525107126,JUVIGNY,51
67437,67700,48.7402250066,7.34206238199,SAVERNE,67
32285,32320,43.5780506568,0.33230525991,MONTESQUIOU,32
35188,35160,48.1261000349,-1.9630334162,MONTFORT SUR MEU,35
46270,46260,44.4301259055,1.83118318259,ST JEAN DE LAUR,46
02528,2600,49.3362768244,3.08053479514,MORTEFONTAINE,2
74191,74110,46.1732135057,6.74252144427,MORZINE,74
56221,56220,47.6776522748,-2.21229939133,ST JACUT LES PINS,56
44212,44330,47.1715153308,-1.26146566077,VALLET,44
44079,44430,47.2077664835,-1.29844309328,LE LANDREAU,44
28348,28350,48.7509228383,1.18734034626,ST LUBIN DES JONCHERETS,28
13080,13610,43.6518285649,5.43958389565,LE PUY STE REPARADE,13
67205,67720,48.6905674036,7.78483478217,HOERD,67
33214,33680,44.983404414,-1.10810794832,LACANAU,33
40167,40430,44.2207948584,-0.515670146445,LUXEY,40
02088,2860,49.4921822965,3.7137356904,BIEVRES,2
71070,71390,46.7130408432,4.71342619185,BUXY,71
41176,41300,47.5270515255,2.12726759593,PIERREFITTE SUR SAULDRE,41
71292,71640,46.8104311793,4.7565417637,MELLECEY,71
38087,38670,45.5797669773,4.81420294395,CHASSE SUR RHONE,38
33393,33910,44.9879017706,-0.183958862029,ST DENIS DE PILE,33
88530,88220,48.0387121214,6.38237551394,XERTIGNY,88
45208,45200,47.9988427684,2.73588922015,MONTARGIS,45
36215,36100,46.8846862374,2.09589433359,SEGRY,36
54547,54500,48.6579999356,6.16531229307,VANDOEUVRE LES NANCY,54
21295,21220,47.2200822946,4.98301612333,GEVREY CHAMBERTIN,21
66175,66740,42.5501690702,2.92022187545,ST GENIS DES FONTAINES,66
24396,24220,44.8825740011,1.02538984639,ST CYPRIEN,24
14515,14520,49.3396014282,-0.772708434394,PORT EN BESSIN HUPPAIN,14
11245,11330,42.9046014463,2.62879585851,MONTGAILLARD,11
51287,51160,49.085558433,3.94419700261,HAUTVILLERS,51
24376,24410,45.1823303924,0.136303399419,ST AULAYE PUYMANGOU,24
56241,56360,47.353750697,-3.23035128949,SAUZON,56
35281,35136,48.0755625884,-1.72405381322,ST JACQUES DE LA LANDE,35
05010,5140,44.5617512104,5.77203298744,ASPRES SUR BUECH,5
59512,59100,50.6879774811,3.18258434623,ROUBAIX,59
2A041,20169,41.4354987425,9.18514890376,BONIFACIO,2A
77333,77140,48.2596067909,2.71107993087,NEMOURS,77
86177,86170,46.6823102624,0.254645073675,NEUVILLE DE POITOU,86
39235,39700,47.1244743587,5.75661818843,FRAISANS,39
74131,74270,46.0231025542,5.92267414864,FRANGY,74
27375,27400,49.2206099164,1.15340030158,LOUVIERS,27
89202,89290,47.7118538877,3.68956867667,IRANCY,89
17274,17180,46.1574551352,-1.08886084864,PERIGNY,17
69264,69400,45.9874596667,4.73174007305,VILLEFRANCHE SUR SAONE,69
33223,33210,44.7425058294,0.160918010334,LANGON,33
06043,6390,43.8664901786,7.29913349222,COARAZE,6
2B205,20253,42.7066867042,9.3670488048,PATRIMONIO,2B
34310,34490,43.4132925116,3.15810877475,THEZAN LES BEZIERS,34
26196,26760,44.8558469973,4.92784684928,MONTELEGER,26
13063,13140,43.5842134124,5.01384348574,MIRAMAS,13
85094,85240,46.5230750581,-0.687135962627,FOUSSAIS PAYRE,85
44093,44540,47.4827042599,-1.11902046549,MAUMUSSON,44
97415,97460,-21.0445317522,55.3223334298,ST PAUL,974
01283,1100,46.2605435859,5.65344320923,OYONNAX,1
60151,60750,49.442089833,2.89567270285,CHOISY AU BAC,60
59410,59370,50.6432478699,3.1087677878,MONS EN BARUL,59
42095,42700,45.3788146093,4.28879456136,FIRMINY,42
79339,79340,46.5737648617,-0.0494104571753,VASLES,79
52269,52200,47.8591544821,5.33880466821,LANGRES,52
05046,5200,44.5804294908,6.47559298927,EMBRUN,5
29151,29600,48.5996746612,-3.82052019963,MORLAIX,29
50499,50670,48.7494442333,-1.11520234761,ST LAURENT DE CUVES,50
26063,26170,44.276084918,5.27102720538,BUIS LES BARONNIES,26
94038,94240,48.7763207843,2.33772915609,L HAY LES ROSES,94
93057,93320,48.9082060253,2.50297448267,LES PAVILLONS SOUS BOIS,93
85089,85280,46.7215872927,-1.33469332327,LA FERRIERE,85
37130,37240,47.0423190397,0.817374235768,LIGUEIL,37
76564,76740,49.8888204893,0.875914099002,ST AUBIN SUR MER,76
33394,33330,44.8999911844,-0.169955105989,ST EMILION,33
67130,67150,48.4213687934,7.68523629922,ERSTEIN,67
38359,38160,45.1722353559,5.21609050981,ST ANTOINE L ABBAYE,38
67348,67210,48.4593467321,7.48006434701,OBERNAI,67
22325,22410,48.6542475006,-2.84382337656,ST QUAY PORTRIEUX,22
69299,69124,45.7178013267,5.10337456661,COLOMBIER SAUGNIEU,69
92020,92320,48.8034091756,2.28799131883,CHATILLON,92
54273,54800,49.1495784035,5.88121522823,JARNY,54
74042,74130,46.0739003968,6.40868532191,BONNEVILLE,74
84019,84500,44.2882016409,4.75235956257,BOLLENE,84
67261,67630,48.9637116345,8.18637725776,LAUTERBOURG,67
44131,44210,47.1223972452,-2.05182334479,PORNIC,44
45277,45600,47.6846303969,2.45341866592,ST FLORENT,45
21710,21350,47.3974282764,4.54312292794,VITTEAUX,21
77059,77600,48.8462454012,2.67900406868,BUSSY ST MARTIN,77
01290,1800,45.8803945768,5.17955874977,PEROUGES,1
85010,85440,46.4744272125,-1.49524360118,AVRILLE,85
85146,85600,46.9759800852,-1.31364530268,MONTAIGU,85
34199,34120,43.462990168,3.41651652125,PEZENAS,34
13071,13170,43.4026791235,5.31547094057,LES PENNES MIRABEAU,13
13082,13840,43.6648781836,5.35218247017,ROGNES,13
37212,37800,47.1566893573,0.676679379745,STE CATHERINE DE FIERBOIS,37
56044,56200,47.7490041075,-2.09816065532,COURNON,56
47217,47270,44.1878890197,0.805532157902,PUYMIROL,47
89309,89140,48.2787429774,3.1934739546,PONT SUR YONNE,89
64138,64510,43.2436324189,-0.272861349005,BORDES,64
74080,74220,45.9001389505,6.46031714364,LA CLUSAZ,74
59491,59590,50.410089317,3.48909318774,RAISMES,59
12094,12140,44.6544227279,2.57843798744,ENTRAYGUES SUR TRUYERE,12
29234,29300,47.8554814745,-3.48681564705,RÉDÉNÉ,29
11081,11160,43.3327963198,2.51635482478,CAUNES MINERVOIS,11
73029,73000,45.5520596872,5.93925556329,BARBERAZ,73
82132,82800,44.1035057733,1.62418942804,MONTRICOUX,82
33545,33180,45.2541334712,-0.845409908523,VERTHEUIL,33
38182,38690,45.3962642718,5.4186427969,LE GRAND LEMPS,38
97101,97142,16.2727794035,-61.5017044974,LES ABYMES,971
12198,12240,44.3085754076,2.22948755681,RIEUPEYROUX,12
34255,34980,43.6896523672,3.80969577473,ST GELY DU FESC,34
47195,47600,44.1321004332,0.343358299602,NERAC,47
66048,66290,42.4439076617,3.14835500726,CERBERE,66
2B050,20260,42.5454874755,8.7595487404,CALVI,2B
95268,95140,48.9701231267,2.40534038501,GARGES LES GONESSE,95
63103,63140,45.9206993185,3.0632143777,CHATEL GUYON,63
89446,89450,47.4524539513,3.71058845441,VEZELAY,89
19010,19400,45.1011667634,1.93436308377,ARGENTAT SUR DORDOGNE,19
16230,16190,45.4225777872,0.127349505692,MONTMOREAU,16
80759,80700,49.6416492977,2.74418919931,TILLOLOY,80
12176,12850,44.3825530939,2.56000835023,ONET LE CHATEAU,12
70561,70110,47.559065822,6.42909523129,VILLERSEXEL,70
44002,44140,47.0719256611,-1.41556455507,AIGREFEUILLE SUR MAINE,44
58303,58640,47.0372879565,3.14354311851,VARENNES VAUZELLES,58
62318,62630,50.5235816785,1.65199985504,ETAPLES,62
54043,54550,48.5900970896,6.08780771245,BAINVILLE SUR MADON,54
81060,81400,44.0566667256,2.16641418483,CARMAUX,81
45261,45470,47.9935958151,2.02397089801,REBRECHIEN,45
27285,27620,49.0819438915,1.53288773518,GIVERNY,27
27413,27290,49.2945278867,0.670560456278,MONTFORT SUR RISLE,27
39170,39570,46.6757012909,5.48680231929,COURLANS,39
78586,78500,48.9396085498,2.17458686513,SARTROUVILLE,78
74140,74420,46.2555235551,6.47324374853,HABERE POCHE,74
26215,26470,44.4953213004,5.38478825225,LA MOTTE CHALANCON,26
69143,69250,45.8829276204,4.84373616973,NEUVILLE SUR SAONE,69
74063,74390,46.2490325973,6.81712790779,CHATEL,74
31358,31380,43.7221234765,1.58906433836,MONTASTRUC LA CONSEILLERE,31
02173,2300,49.619880673,3.21875355041,CHAUNY,2
39476,39410,47.0326920185,5.33365017851,ST AUBIN,39
37060,37530,47.431662181,1.04123088283,CHARGE,37
57683,57270,49.3058767055,6.14931216735,UUCKANGE,57
32331,32810,43.7210485292,0.636835530591,PREIGNAN,32
12262,12800,44.2478234048,2.31504773118,SAUVETERRE DE ROUERGUE,12
38086,38470,45.2605536513,5.34184461228,CHASSELAY,38
76322,76120,49.4093798045,1.03999262153,LE GRAND QUEVILLY,76
95026,95270,49.1407338587,2.3800597257,ASNIERES SUR OISE,95
76705,76410,49.3274627821,1.09185339831,TOURVILLE LA RIVIERE,76
67021,67140,48.4149512356,7.39930438782,BARR,67
33355,33410,44.6684320932,-0.336471805521,RIONS,33
81105,81300,43.7576562195,2.00122512851,GRAULHET,81
92036,92230,48.9345190548,2.29384987973,GENNEVILLIERS,92
30270,30140,44.1164232741,4.0327398577,ST JEAN DU PIN,30
14754,14640,49.3110756382,0.00599012303306,VILLERS SUR MER,14
97701,97133,nan,nan,ST BARTHELEMY,971
06121,6230,43.687178893,7.32993632437,ST JEAN CAP FERRAT,6
94067,94160,48.842440243,2.4192191088,ST MANDE,94
71133,71800,46.2892944317,4.31079967145,LA CLAYETTE,71
86214,86280,46.5486469496,0.352443691442,ST BENOIT,86
69199,69190,45.7011050588,4.85046367008,ST FONS,69
63380,63710,45.5919139674,2.99779544156,ST NECTAIRE,63
38468,38150,45.3442511828,4.80860532784,SALAISE SUR SANNE,38
74267,74320,45.8555012829,6.13806338899,SEVRIER,74
58086,58200,47.4029099422,2.94284103771,COSNE COURS SUR LOIRE,58
74208,74190,45.9545838758,6.74056895873,PASSY,74
14514,14130,49.2805619214,0.187666368193,PONT L EVEQUE,14
41212,41350,47.5607456407,1.36138962511,ST GERVAIS LA FORET,41
17051,17580,46.1825283655,-1.37625908104,LE BOIS PLAGE EN RÉ,17
33208,33590,45.4149833388,-0.96259528402,JAU DIGNAC ET LOIRAC,33
35177,35520,48.2130666672,-1.75057215298,LA MEZIERE,35
82155,82140,44.156093011,1.73640541242,ST ANTONIN NOBLE VAL,82
26336,26400,44.6470256973,5.11072905542,SAOU,26
16286,16170,45.781947293,-0.074390136916,ROUILLAC,16
69293,69580,45.8402514448,4.88563860144,SATHONAY VILLAGE,69
88447,88290,47.9512129215,6.77493861259,SAULXURES SUR MOSELOTTE,88
56179,56620,47.839096749,-3.41967999137,PONT SCORFF,56
49331,49500,47.7016654227,-0.863354104119,SEGRE,49
06099,6260,43.9521649219,6.90609311435,PUGET THENIERS,6
87169,87800,45.6997312165,1.24152185921,ST MAURICE LES BROUSSES,87
50532,50380,48.8023738223,-1.54696599127,ST PAIR SUR MER,50
29284,29730,47.8049042408,-4.2597485124,TREFFIAGAT,29
14562,14750,49.3224328819,-0.39282763592,ST AUBIN SUR MER,14
63063,63118,45.8318909179,3.10802814876,CEBAZAT,63
36031,36500,46.8875380464,1.41254913131,BUZANCAIS,36
33090,33610,44.7598891584,-0.65697711026,CANEJAN,33
84008,84330,44.1547724058,5.09918948911,LE BARROUX,84
86253,86600,46.4960318018,-0.00840229241339,SANXAY,86
37020,37600,47.1281892877,1.02294110179,BEAULIEU LES LOCHES,37
21464,21700,47.146518392,4.9385500417,NUITS ST GEORGES,21
50218,50400,48.8327078372,-1.56670866413,GRANVILLE,50
46309,46200,44.9069531608,1.46396482842,SOUILLAC,46
08230,8090,49.812785683,4.6695029327,HOULDIZY,8
76231,76500,49.2767979948,0.997154590875,ELBEUF,76
72008,72230,47.9292220095,0.191344248929,ARNAGE,72
45087,45360,47.5721313447,2.73594191784,CHATILLON SUR LOIRE,45
33032,33530,44.9084140601,-0.525868280903,BASSENS,33
31584,31340,43.8644095962,1.49043812706,VILLEMUR SUR TARN,31
67359,67170,48.8121908123,7.69421854068,OHLUNGEN,67
35049,35260,48.6835209896,-1.8650827351,CANCALE,35
01249,1700,45.8442099203,4.94106746787,MIRIBEL,1
01378,1800,45.8200191939,5.16980415584,ST MAURICE DE GOURDANS,1
89405,89560,47.6123914189,3.40803434271,TAINGY,89
21617,21240,47.3388300285,4.99779516001,TALANT,21
71306,71300,46.6762539128,4.3540960404,MONTCEAU LES MINES,71
32462,32190,43.762029942,0.297842185088,VIC FEZENSAC,32
53047,53120,48.3887876245,-0.899702305853,CARELLES,53
97112,97112,15.9060600751,-61.2943821122,GRAND BOURG,971
09105,9350,43.1445751789,1.30386151934,DAUMAZAN SUR ARIZE,9
31435,31370,43.423058709,1.16684453964,POUCHARRAMET,31
49244,49620,47.3429800481,-0.869186945487,LA POMMERAYE,49
43080,43500,45.3318549451,3.85314004519,CRAPONNE SUR ARZON,43
26325,26140,45.2891075425,4.8312134754,ST RAMBERT D ALBON,26
22330,22460,48.2459300421,-2.84098515337,ST THELO,22
72349,72290,48.1849465917,0.188449766884,TEILLE,72
03310,3200,46.1300051383,3.42442081174,VICHY,3
35323,35460,48.438498732,-1.33753495005,LA SELLE EN COGLES,35
29230,29310,47.9553937645,-3.54781313088,QUERRIEN,29
01173,1170,46.3471891747,6.04650555568,GEX,1
78062,78650,48.854444414,1.86989017513,BEYNES,78
78380,78580,48.9078548612,1.83959534526,MAULE,78
62826,62520,50.5083984501,1.59923820583,LE TOUQUET PARIS PLAGE,62
59599,59200,50.7254418902,3.15882757215,TOURCOING,59
49125,49700,47.1914715686,-0.278336056087,DOUE LA FONTAINE,49
78536,78440,49.0430008047,1.79368235837,SAILLY,78
32307,32550,43.605614575,0.589850870884,PAVIE,32
83085,83920,43.5078511168,6.55055399937,LA MOTTE,83
32167,32170,43.4720603975,0.301177050148,LAAS,32
49246,49130,47.4272536106,-0.512677371617,LES PONTS DE CE,49
56255,56250,47.6781213314,-2.62203549701,TREFFLEAN,56
17008,17230,46.2630044811,-1.01765756102,ANDILLY,17
06095,6530,43.6305294544,6.88166520884,PEYMEINADE,6
22282,22380,48.6037155601,-2.24912296088,ST CAST LE GUILDO,22
81218,81990,43.8884573228,2.16955643928,PUYGOUZON,81
35162,35420,48.4868885908,-1.12369660788,LOUVIGNE DU DESERT,35
17485,17370,45.8620787516,-1.24274513266,LE GRAND VILLAGE PLAGE,17
34146,34400,43.6826642395,4.08422296335,LUNEL VIEL,34
53147,53100,48.3074609449,-0.614799950799,MAYENNE,53
44108,44330,47.1293076835,-1.27378859416,MOUZILLON,44
74081,74300,46.0631088613,6.57892080059,CLUSES,74
38422,38410,45.1533114965,5.85697188801,ST MARTIN D URIAGE,38
22147,22230,48.1936252026,-2.39598361343,MERDRIGNAC,22
54276,54114,48.846525852,6.24307502417,JEANDELAINCOURT,54
85194,85100,46.5007612799,-1.79255128677,LES SABLES D OLONNE,85
92019,92290,48.7681690197,2.26282598525,CHATENAY MALABRY,92
77111,77700,48.8723310998,2.77039964715,CHESSY,77
30321,30250,43.7756118498,4.08232743857,SOMMIERES,30
69064,69420,45.4743083818,4.75671075164,CONDRIEU,69
02680,2410,49.5953887213,3.39411143672,ST GOBAIN,2
87202,87520,45.9034537819,1.09001899064,VEYRAC,87
26058,26500,44.9651094188,4.89411636376,BOURG LES VALENCE,26
33067,33710,45.0398664572,-0.547187308975,BOURG,33
49197,49490,47.5125846986,0.188043785469,MEIGNE LE VICOMTE,49
26065,26400,44.713669067,4.96072243187,CHABRILLAN,26
35128,35440,48.2923904516,-1.72349623823,GUIPEL,35
29190,29217,48.3513274854,-4.71760872698,PLOUGONVELIN,29
40001,40800,43.6983525736,-0.265145513574,AIRE SUR ADOUR,40
31169,31750,43.5209125935,1.55243226997,ESCALQUENS,31
13097,13310,43.6119214615,4.85701475567,ST MARTIN DE CRAU,13
66107,66460,42.8152827939,2.61292653306,MAURY,66
11202,11370,42.8993650672,3.02676038573,LEUCATE,11
02340,2430,49.8234688599,3.28649189661,GAUCHY,2
86082,86700,46.2960515844,0.179497066899,COUHE,86
63470,63530,45.8681922975,3.01900139762,VOLVIC,63
37072,37500,47.1723001595,0.245084664558,CHINON,37
21179,21490,47.4135413138,5.11448988395,CLENAY,21
30037,30160,44.290395291,4.10784015546,BESSEGES,30
34327,34740,43.6610457488,3.96283033113,VENDARGUES,34
67551,67202,48.5869426788,7.66313638698,WOLFISHEIM,67
64094,64520,43.4681224323,-1.22301840969,BARDOS,64
84068,84160,43.7780333839,5.36616174066,LOURMARIN,84
37282,37290,46.7902872236,0.876208149129,YZEURES SUR CREUSE,37
01049,1120,45.8446213549,5.02783224111,LA BOISSE,1
26176,26740,44.640273082,4.88311372596,MARSANNE,26
87108,87330,46.0620120225,0.915164140935,NOUIC,87
44069,44350,47.3313320913,-2.41703658813,GUERANDE,44
59136,59360,50.0920093814,3.53922472873,LE CATEAU CAMBRESIS,59
