codeINSEE,communeINSEE,codePostal,latitude,longitude,departement
31555,TOULOUSE,31300,43.5963814303,1.43167293364,31
13201,MARSEILLE 01,13001,43.2999009436,5.38227869795,13
33522,TALENCE,33400,44.8060817507,-0.591124592873,33
38399,ST JEAN DE BOURNAY,38440,45.4982631773,5.14748470946,38
42218,ST ETIENNE,42100,45.4301235512,4.37913997076,42
22360,TREGUEUX,22950,48.480075769,-2.74506421541,22
66136,PERPIGNAN,66000,42.6965954131,2.89936953979,66
34114,GIGNAC,34150,43.6393937216,3.57384628868,34
69381,LYON 01,69001,45.7699284397,4.82922464978,69
01053,BOURG EN BRESSE,1000,46.2051520382,5.24602125501,1
86194,POITIERS,86000,46.5839207726,0.359947653003,86
85003,AIZENAY,85190,46.7384516809,-1.62702889721,85
49248,OMBREE D'ANJOU,49520,47.7629344972,-1.19300189799,49
22179,FREHEL,22240,48.6348223959,-2.36202603588,22
21231,DIJON,21000,47.3229437965,5.03788805877,21
81065,CASTRES,81100,43.6156511237,2.23787231587,81
64445,PAU,64000,43.3200189773,-0.350337918181,64
81140,LAVAUR,81500,43.6895628711,1.79437213708,81
78356,MAGNY LES HAMEAUX,78114,48.7410207273,2.0519793397,78
53077,COSSE LE VIVIEN,53230,47.94585879,-0.934606329089,53
59544,ST SAULVE,59880,50.3750172475,3.56642418912,59
69256,VAULX EN VELIN,69120,45.7858821061,4.92637767698,69
26252,PORTES LES VALENCE,26800,44.8757833249,4.88408311324,26
06088,NICE,6100,43.7119992661,7.23826889465,6
80716,ST RIQUIER,80135,50.1279792191,1.94290239471,80
29017,BRELES,29810,48.4709032483,-4.68640383039,29
47168,MIRAMONT DE GUYENNE,47800,44.5833450029,0.356429133423,47
76026,ARQUES LA BATAILLE,76880,49.8821767195,1.1367858461,76
34172,MONTPELLIER,34080,43.6134409138,3.86851657896,34
85178,LE POIRE SUR VIE,85170,46.769919754,-1.50488626452,85
13047,ISTRES,13118,43.5502689105,4.9511813524,13
46045,CAJARC,46160,44.494117576,1.83859373388,46
93066,ST DENIS,93200,48.9295650455,2.3592429975,93
89024,AUXERRE,89000,47.793488225,3.58168281761,89
75101,PARIS 01,75001,48.8626304852,2.33629344655,75
11426,VILLEGLY,11600,43.2930208254,2.43699100253,11
91207,EGLY,91520,48.5778313904,2.22141176606,91
33063,BORDEAUX,33000,44.8572445351,-0.57369678116,33
13001,AIX EN PROVENCE,13290,43.5360708378,5.39857444582,13
73011,ALBERTVILLE,73200,45.6683987277,6.40460338643,73
56003,ARRADON,56610,47.6335958588,-2.8220328139,56
49007,ANGERS,49000,47.476837416,-0.556125995444,49
38002,LES ADRETS,38190,45.2586070645,5.99155979387,38
05023,BRIANCON,5100,44.8994986041,6.64947524018,5
81004,ALBI,81000,43.9258213622,2.14686328555,81
13026,CHATEAUNEUF LES MARTIGUES,13220,43.3865906403,5.14753822568,13
65440,TARBES,65000,43.2347859635,0.0660093937851,65
37261,TOURS,37000,47.3986382281,0.696526376417,37
80021,AMIENS,80000,49.9009532186,2.29007445539,80
26275,ROCHEGUDE,26790,44.2556674573,4.83716476858,26
74010,ANNECY,74000,45.8906432566,6.12551773598,74
14220,DEAUVILLE,14800,49.3543800887,0.0744665786308,14
40065,CAPBRETON,40130,43.6323255498,-1.42907243956,40
43033,BLESLE,43450,45.3179155382,3.17686146037,43
35307,ST PERN,35190,48.2809544263,-1.98293675576,35
84137,VAISON LA ROMAINE,84110,44.247701867,5.06040782309,84
33009,ARCACHON,33120,44.6529002838,-1.17429790933,33
76100,BLAINVILLE CREVON,76116,49.504416715,1.29186032794,76
76497,PETIT COURONNE,76650,49.3807622557,1.03422612047,76
07201,RUOMS,7120,44.4479030757,4.34786189328,7
34012,ARGELLIERS,34380,43.7249523063,3.67420720253,34
76540,ROUEN,76000,49.4413460103,1.09256784278,76
22278,ST BRIEUC,22000,48.5149806053,-2.76154552773,22
62041,ARRAS,62000,50.2898964997,2.76587316711,62
54235,GOVILLER,54330,48.5051745323,6.01397377452,54
89371,STE VERTU,89310,47.7398700628,3.91053461734,89
61063,BRIOUZE,61220,48.7111600408,-0.377752655086,61
59350,LILLE,59160,50.6317183168,3.04783272312,59
2B033,BASTIA,20200,42.6864768806,9.42502133338,20
60286,GRANDVILLIERS,60210,49.666016357,1.9349239261,60
62119,BETHUNE,62400,50.5288922584,2.64242379342,62
49373,VIHIERS,49310,47.1373301524,-0.559450064005,49
30344,VERGEZE,30310,43.7375360363,4.23360990528,30
29003,AUDIERNE,29770,48.0241077574,-4.54448750165,29
63050,BRASSAC LES MINES,63570,45.4199156591,3.32061008295,63
22184,PLEMY,22150,48.3378874008,-2.67639170288,22
14118,CAEN,14000,49.1847936737,-0.369801713036,14
13004,ARLES,13123,43.5468692378,4.66215642574,13
29019,BREST,29200,48.4004997828,-4.5027907853,29
53152,MESLAY DU MAINE,53170,47.9469156243,-0.558693863131,53
11076,CASTELNAUDARY,11400,43.3230173159,1.96073752488,11
79329,THOUARS,79100,46.9828628407,-0.199581467021,79
74182,MEYTHET,74960,45.9184414725,6.09688746113,74
74136,LE GRAND BORNAND,74450,45.9562174482,6.47641784295,74
03084,COSNE D ALLIER,3430,46.482962805,2.82323006329,3
35245,ROMILLE,35850,48.2223488257,-1.87904298142,35
64422,OLORON STE MARIE,64400,43.1560871189,-0.587546244432,64
86078,CIVRAY,86400,46.1412232275,0.300987364675,86
53211,ST DENIS DE GASTINES,53500,48.3469457308,-0.87082653269,53
67371,LA PETITE PIERRE,67290,48.8657597248,7.32734776032,67
53054,CHANGE,53810,48.1079801148,-0.800104772023,53
56124,MALESTROIT,56140,47.8076863788,-2.38701072581,56
55185,EVRES,55250,48.9823527638,5.1255521249,55
50592,TESSY BOCAGE,50420,48.9633310504,-1.08464396412,50
91129,CERNY,91590,48.4859798517,2.31068283872,91
93001,AUBERVILLIERS,93300,48.9121722626,2.38445513768,93
31478,ST FELIX LAURAGAIS,31540,43.4505941916,1.90172958444,31
38544,VIENNE,38200,45.520578372,4.88135156154,38
63113,CLERMONT FERRAND,63100,45.7856492991,3.11554542903,63
30189,NIMES,30900,43.844938394,4.34806796996,30
95607,TAVERNY,95150,49.0267316203,2.22116067166,95
78650,LE VESINET,78110,48.8938640591,2.13039312004,78
44109,NANTES,44200,47.2316356767,-1.54831008605,44
38185,GRENOBLE,38000,45.1821215167,5.72133051752,38
44162,ST HERBLAIN,44800,47.2243762412,-1.63434818692,44
84007,AVIGNON,84140,43.9352448339,4.84071572505,84
56062,GAVRES,56680,47.6951381724,-3.33453004583,56
37011,AVOINE,37420,47.2237767737,0.18754463005,37
34328,VENDEMIAN,34230,43.5790567885,3.56253401848,34
71238,IGUERANDE,71340,46.2165272056,4.07699692762,71
08081,BOGNY SUR MEUSE,8120,49.8477354025,4.7508301548,8
35238,RENNES,35700,48.1119791219,-1.68186449144,35
39413,LA PESSE,39370,46.286468541,5.85238812673,39
81225,RIVIERES,81600,43.9157732969,1.96947284122,81
35012,BAIN DE BRETAGNE,35470,47.8302948158,-1.67649507218,35
95210,ENGHIEN LES BAINS,95880,48.97016048,2.30485955429,95
35288,ST MALO,35400,48.6400443482,-1.98060627256,35
64483,ST JEAN DE LUZ,64500,43.3947886873,-1.63099021573,64
95652,VIARMES,95270,49.1231107932,2.37799676025,95
18033,BOURGES,18000,47.0749572013,2.40417137557,18
11185,LAGRASSE,11220,43.0957230349,2.60436046295,11
30029,BARJAC,30430,44.3122415211,4.34841481782,30
11262,NARBONNE,11100,43.1652399898,3.02023868739,11
78398,LES MESNULS,78490,48.754542649,1.83436184333,78
73073,CHANAZ,73310,45.8034782998,5.79654546056,73
45024,BAULE,45130,47.8106703162,1.66824027351,45
59271,GRANDE SYNTHE,59760,51.0167874642,2.29071143357,59
34301,SETE,34200,43.3917705831,3.64705148296,34
92012,BOULOGNE,92100,48.8365843138,2.23913599058,92
90010,BELFORT,90000,47.6471539414,6.84541206237,90
24051,BOSSET,24130,44.9518343801,0.362233138174,24
06011,BEAULIEU SUR MER,6310,43.7079039397,7.33256934881,6
21054,BEAUNE,21200,47.0255189366,4.83767985985,21
14327,HEROUVILLE ST CLAIR,14200,49.2073560619,-0.331022626025,14
62193,CALAIS,62100,50.9502072754,1.87575566132,62
72181,LE MANS,72000,47.9885256718,0.200030493539,72
34028,BEDARIEUX,34600,43.6125569074,3.16680787195,34
73065,CHAMBERY,73000,45.583182552,5.90903392417,73
56152,LE PALAIS,56360,47.3426909682,-3.17102952046,56
52353,NOGENT,52800,48.037521428,5.36502804198,52
02077,BERZY LE SEC,2200,49.3172125296,3.29666086699,2
59122,CAMBRAI,59400,50.1702775977,3.24221021072,59
61108,CISAI ST AUBIN,61230,48.7765975635,0.357700893574,61
67482,STRASBOURG,67100,48.5712679849,7.76752679517,67
78646,VERSAILLES,78000,48.8025669671,2.11789297191,78
15187,ST FLOUR,15100,45.0278919825,3.08320563232,15
64024,ANGLET,64600,43.4917846595,-1.51623373371,64
94081,VITRY SUR SEINE,94400,48.7882828307,2.39412680533,94
68224,MULHOUSE,68200,47.749163303,7.32570047509,68
52121,CHAUMONT,52000,48.0980144211,5.14070044621,52
94028,CRETEIL,94000,48.7837401836,2.45463530415,94
65059,BAGNERES DE BIGORRE,65200,42.9758668859,0.132640694318,65
93066,LA PLAINE ST DENIS,93200,48.9295650455,2.3592429975,93
06004,JUAN LES PINS,6160,43.587465146,7.10635418256,6
31446,RAMONVILLE ST AGNE,31520,43.5441837911,1.47782372823,31
22055,BINIC,22520,48.6255350477,-2.8413899481,22
33073,BRAUD ET ST LOUIS,33820,45.2544518508,-0.646204430347,33
36044,CHATEAUROUX,36000,46.8029617828,1.69399812001,36
61107,CIRAL,61320,48.5071426572,-0.132794455306,61
14271,FLEURY SUR ORNE,14123,49.1444292345,-0.377619145275,14
25031,AUDINCOURT,25400,47.4811676376,6.85493983157,25
91573,ST PIERRE DU PERRAY,91280,48.6058282604,2.51614926696,91
22039,LA CHEZE,22210,48.1346308811,-2.66260913976,22
60057,BEAUVAIS,60000,49.4365523321,2.08616123661,60
76178,CLEON,76410,49.316254089,1.03978678909,76
22005,BELLE ISLE EN TERRE,22810,48.5310285208,-3.38188859591,22
49292,ST LAMBERT DU LATTAY,49750,47.3002199454,-0.640314853216,49
58059,LA CHARITE SUR LOIRE,58400,47.1835862006,3.02885515594,58
59650,WATTRELOS,59150,50.7056367285,3.21628221056,59
56118,LOCMIQUELIC,56570,47.7303087589,-3.32842997885,56
33449,ST MEDARD EN JALLES,33160,44.8832620816,-0.784239883546,33
13027,CHATEAURENARD,13160,43.8824707581,4.83990004648,13
78361,MANTES LA JOLIE,78200,48.9981665392,1.69337806821,78
25580,VALENTIGNEY,25700,47.4647367767,6.82570788244,25
54395,NANCY,54000,48.6901995499,6.17588254434,54
74012,ANNEMASSE,74100,46.1909730986,6.24250704322,74
78172,CONFLANS STE HONORINE,78700,49.0001007823,2.0990719052,78
67218,ILLKIRCH GRAFFENSTADEN,67400,48.5200498962,7.73129588098,67
49278,STE GEMMES SUR LOIRE,49130,47.4281722672,-0.575792781781,49
79044,BOUILLE ST PAUL,79290,47.0350297953,-0.314425439362,79
30269,ST JEAN DU GARD,30270,44.1071750382,3.87785905992,30
83137,TOULON,83200,43.1361589728,5.93239634249,83
07042,BOURG ST ANDEOL,7700,44.3830866916,4.61398365069,7
59343,LESQUIN,59810,50.5892285666,3.11191934713,59
71076,CHALON SUR SAONE,71100,46.7900288793,4.85191555008,71
44067,GUEMENE PENFAO,44290,47.6278891238,-1.83077595154,44
39056,BLETTERANS,39140,46.7316211339,5.42781411933,39
19031,BRIVE LA GAILLARDE,19100,45.1435830664,1.51936836063,19
69029,BRON,69500,45.7344856902,4.91168159471,69
23243,ST SILVAIN SOUS TOULX,23140,46.2595513591,2.18852889263,23
85039,LA BRUFFIERE,85530,47.0148006973,-1.18329758318,85
51230,EPERNAY,51200,49.037000689,3.93144626202,51
62186,BULLY LES MINES,62160,50.4451131556,2.71911165536,62
73057,BRIDES LES BAINS,73570,45.4538077442,6.56840188785,73
38157,ESTRABLIN,38780,45.5136075933,4.95889651862,38
08105,CHARLEVILLE MEZIERES,8000,49.7752965803,4.71724655966,8
14117,CABOURG,14390,49.2834863414,-0.125512945279,14
76681,SOTTEVILLE LES ROUEN,76300,49.4104887444,1.09509946531,76
26198,MONTELIMAR,26200,44.5540845734,4.74869387765,26
46042,CAHORS,46000,44.4507370916,1.44075837848,46
35168,MAURE DE BRETAGNE,35330,47.8971012974,-1.99867854689,35
44015,BLAIN,44130,47.4628210409,-1.76789479614,44
06029,CANNES,6400,43.5526202843,7.00427592728,6
66041,CASES DE PENE,66600,42.7867407426,2.77853627321,66
47252,STE LIVRADE SUR LOT,47110,44.4058755457,0.599870593015,47
33236,LEGE CAP FERRET,33950,44.7609440223,-1.19293697437,33
06032,CAP D AIL,6320,43.7247392327,7.40161617522,6
52256,LAFAUCHE,52700,48.3053380759,5.49239986278,52
40067,CARCEN PONSON,40400,43.871874652,-0.81936363917,40
2A065,CARGESE,20130,42.1544254567,8.62659836115,20
13078,PORT ST LOUIS DU RHONE,13230,43.4148193741,4.80679663589,13
83036,CAVALAIRE SUR MER,83240,43.1819055812,6.52121721395,83
21603,SEMUR EN AUXOIS,21140,47.4909559267,4.34106366761,21
83029,CALLIAN,83440,43.6125180228,6.75708895004,83
43234,SAUGUES,43170,44.9482034569,3.53883236387,43
27165,CONCHES EN OUCHE,27190,48.9547259686,0.93199579313,27
85112,L ILE D OLONNE,85340,46.570163703,-1.7737502368,85
76351,LE HAVRE,76610,49.498452502,0.140153719153,76
95127,CERGY PONTOISE,95000,49.0401131567,2.05082123731,95
77337,NOISIEL,77186,48.8460926469,2.61997100426,77
19062,CORREZE,19800,45.3655110046,1.87090523159,19
12208,ST AFFRIQUE,12400,43.9656694471,2.86653125625,12
89068,CHABLIS,89800,47.8075995199,3.79091424228,89
39251,GEVINGEY,39570,46.6375986496,5.50938673759,39
74054,CHAINAZ LES FRASSES,74540,45.7784395221,5.98960566934,74
86288,VICQ SUR GARTEMPE,86260,46.726218827,0.843611918005,86
29058,FOUESNANT,29170,47.8783078862,-4.01834628474,29
74056,CHAMONIX MONT BLANC,74400,45.9309819111,6.92360096711,74
39097,CHAMPAGNOLE,39300,46.7445389751,5.8988102947,39
38567,CHAMROUSSE,38410,45.1197427134,5.89438297795,38
69205,ST GENIS LES OLLIERES,69290,45.7610551042,4.72602177608,69
40002,AMOU,40330,43.5938659835,-0.743678079626,40
42127,MABLY,42300,46.0919456873,4.0633211833,42
85298,VAIRE,85150,46.6055340621,-1.74863672042,85
40230,PONTONX SUR L ADOUR,40465,43.7980252651,-0.940526888731,40
81018,ARTHES,81160,43.9638815505,2.22587013595,81
34299,SERIGNAN,34410,43.2733185307,3.29725083254,34
33140,CREON,33670,44.770425384,-0.343606134456,33
36018,LE BLANC,36300,46.6346200347,1.10013221164,36
94016,CACHAN,94230,48.7916121646,2.33153313164,94
13117,VITROLLES,13127,43.4497831674,5.26357787665,13
28085,CHARTRES,28000,48.4471464884,1.50570610616,28
50349,MONTMARTIN SUR MER,50590,48.9910212765,-1.52994382531,50
80186,CHAULNES,80320,49.8169359721,2.80153906029,80
23096,GUERET,23000,46.1632121428,1.87078672735,23
84087,ORANGE,84100,44.128913537,4.8098792403,84
92050,NANTERRE,92000,48.8960701282,2.20671346353,92
30334,UZES,30700,44.0136590402,4.41600031556,30
32013,AUCH,32000,43.6534300414,0.575190250459,32
97611,MAMOUDZOU,97600,-12.7899979586,45.1932456026,976
42187,ROANNE,42300,46.0449112487,4.0797045647,42
83081,MONTAUROUX,83440,43.5990101065,6.78985995347,83
66149,PRADES,66500,42.6145021996,2.43074849066,66
68177,LAUTENBACH,68610,47.9527349295,7.16433010313,68
79191,NIORT,79000,46.328260242,-0.465353019369,79
35220,PIRE SUR SEICHE,35150,48.0111877546,-1.42837195377,35
61001,ALENCON,61000,48.4318193082,0.0915406916107,61
31317,MARIGNAC LASCLARES,31430,43.3049878647,1.10662037582,31
93072,STAINS,93240,48.9567775699,2.3854495629,93
35263,ST COULOMB,35350,48.677369423,-1.92087004371,35
89338,ST CLEMENT,89100,48.2247837392,3.30677970985,89
92024,CLICHY,92110,48.9035359139,2.30575230452,92
83103,LE REVEST LES EAUX,83200,43.1824918424,5.94565392204,83
17415,SAINTES,17100,45.7422300162,-0.649623035643,17
45146,LA FERTE ST AUBIN,45240,47.7119750833,1.92714666074,45
59090,BONDUES,59910,50.7096656233,3.09529083038,59
16102,COGNAC,16100,45.6962326551,-0.33507941815,16
66053,COLLIOURE,66190,42.5130107325,3.07254121467,66
68066,COLMAR,68000,48.1099405789,7.38468690323,68
70162,COLOMBE LES VESOUL,70000,47.6121777534,6.22089003773,70
83061,FREJUS,83600,43.4719558114,6.76361597424,83
25512,LE RUSSEY,25210,47.1549185878,6.73440290446,25
81139,LAUTREC,81440,43.7052468491,2.12929403349,81
33523,TARGON,33760,44.7345410468,-0.267821650496,33
68297,ST LOUIS,68300,47.6016553367,7.54061872745,68
33356,LA RIVIERE,33126,44.9377237217,-0.316177006649,33
78362,MANTES LA VILLE,78711,48.9747939435,1.71205571778,78
11069,CARCASSONNE,11000,43.2093798444,2.34398855385,11
31451,REVEL,31250,43.4656037799,1.99689394052,31
04088,FORCALQUIER,4300,43.9599082374,5.7882827572,4
2A004,AJACCIO,20167,41.9347926638,8.70132275974,20
27056,BERNAY,27300,49.0925877345,0.58959175237,27
56100,LANGONNET,56630,48.1318811919,-3.48128235286,56
30164,MEJANNES LE CLAP,30430,44.2309207985,4.36426612667,30
83126,LA SEYNE SUR MER,83500,43.0880294967,5.87089841754,83
32256,MIRANDE,32300,43.5186713962,0.410792361049,32
33029,LE BARP,33114,44.6268462922,-0.746697894211,33
13084,LA ROQUE D ANTHERON,13640,43.7176409517,5.30157633559,13
72180,MAMERS,72600,48.3545313197,0.370783494811,72
37003,AMBOISE,37400,47.3917237652,1.00023994675,37
10362,STE SAVINE,10300,48.2963408998,4.02333022061,10
84025,CABRIERES D AVIGNON,84220,43.8965322686,5.15279801626,84
51183,COURCY,51220,49.3196081983,4.0061261454,51
07349,LA VOULTE SUR RHONE,7800,44.8015403943,4.78018830634,7
30007,ALES,30100,44.1250099126,4.08828501262,30
92023,CLAMART,92140,48.7964306792,2.25474652922,92
71270,MACON,71000,46.3205511756,4.81842529639,71
26108,CREST,26400,44.7335665907,5.0221758413,26
04065,CRUIS,4230,44.0831626991,5.83846949092,4
07281,ST PERAY,7130,44.9410716967,4.82459034307,7
01443,VILLARS LES DOMBES,1330,45.9927150222,5.04507856642,1
87085,LIMOGES,87280,45.8542549589,1.2487579024,87
59012,ANOR,59186,49.9949415311,4.11785622281,59
32132,FLEURANCE,32500,43.8402794076,0.64245586546,32
26281,ROMANS SUR ISERE,26100,45.0547531985,5.03797756012,26
29232,QUIMPER,29000,47.9971425162,-4.09111944455,29
76157,CANTELEU,76380,49.4330992435,1.01355208279,76
14258,FALAISE,14700,48.8957800281,-0.193401711782,14
40088,DAX,40100,43.7006746973,-1.06014429759,40
79202,PARTHENAY,79200,46.6453493842,-0.233028439198,79
39485,ST JULIEN,39320,46.3963208,5.4577858737,39
91457,LA NORVILLE,91290,48.5814225294,2.26569127873,91
06004,ANTIBES,6160,43.587465146,7.10635418256,6
59553,SANTES,59211,50.5909879066,2.96114421951,59
67320,NEUVE EGLISE,67220,48.3261151153,7.31059686746,67
83119,ST TROPEZ,83990,43.262314383,6.66343039908,83
38421,ST MARTIN D HERES,38400,45.1762012553,5.76476360737,38
57456,MEISENTHAL,57960,48.9707983496,7.34611209492,57
71170,DEMIGNY,71150,46.9145180669,4.84793098636,71
55198,FRESNES EN WOEVRE,55160,49.1009729702,5.63355600212,55
60361,LIANCOURT ST PIERRE,60240,49.2330864401,1.90635269506,60
41018,BLOIS,41000,47.5817013938,1.30625551583,41
54431,PONT A MOUSSON,54700,48.9219828048,6.05392690748,54
01157,FAREINS,1480,46.020997974,4.7620080898,1
66088,ILLE SUR TET,66130,42.6774223178,2.61639804475,66
25056,BESANCON,25000,47.2553872249,6.01948696494,25
48039,CHANAC,48230,44.4502200567,3.34457977647,48
71543,TOURNUS,71700,46.5651726015,4.90012429206,71
29031,CLOHARS CARNOET,29360,47.7943407144,-3.56681364982,29
61464,SEES,61500,48.6048296774,0.169026415284,61
35093,DINARD,35800,48.6241805945,-2.0619828606,35
60157,CLERMONT DE L OISE,60600,49.3777168975,2.40891709196,60
58194,NEVERS,58000,46.9881194908,3.15689130958,58
30140,LASALLE,30460,44.0428979358,3.85182045128,30
35360,VITRE,35500,48.1140815063,-1.19370720718,35
91103,BRETIGNY SUR ORGE,91220,48.6025113399,2.3021623232,91
17197,JONZAC,17500,45.4419827405,-0.427614839205,17
26362,VALENCE,26000,44.9229811667,4.91444013136,26
19272,TULLE,19000,45.2731516999,1.76313875655,19
49307,ANDARD,49800,47.4219645317,-0.319673646947,49
44077,JOUE SUR ERDRE,44440,47.5092437538,-1.42943494948,44
54157,DIEULOUARD,54380,48.8340364411,6.05567802778,54
25395,MONTFAUCON,25660,47.2418571296,6.08660837587,25
46118,GIGNAC,46600,44.9899523314,1.46272754104,46
45075,LA CHAPELLE ST MESMIN,45380,47.8887063362,1.82847184827,45
31091,BRUGUIERES,31150,43.7271508931,1.40915818124,31
81115,LABASTIDE ROUAIROUX,81270,43.4826602247,2.63557921234,81
05061,GAP,5000,44.5798600596,6.06486052138,5
79195,NUEIL LES AUBIERS,79250,46.9403172404,-0.596385417876,79
26114,DIEULEFIT,26220,44.5310329912,5.06528375642,26
52448,ST DIZIER,52100,48.6280100668,4.94923523578,52
24345,QUEYSSAC,24140,44.9151488173,0.532361895474,24
44055,LA BAULE,44500,47.2909720179,-2.3538291745,44
66017,LE BARCARES,66420,42.8127710984,3.02834125149,66
30028,BAGNOLS SUR CEZE,30200,44.1622496736,4.62477380854,30
78640,VELIZY VILLACOUBLAY,78140,48.783985823,2.19707485523,78
38053,BOURGOIN JALLIEU,38300,45.6022027954,5.27393762111,38
78146,CHATOU,78400,48.8965574645,2.15393458329,78
91363,MARCOUSSIS,91460,48.6463321888,2.20621393661,91
93055,PANTIN,93500,48.8983093876,2.40872147475,93
38563,VOIRON,38500,45.3791720843,5.58240310671,38
56061,LA GACILLY,56200,47.7728317091,-2.15651114837,56
94022,CHOISY LE ROI,94600,48.764315118,2.41742518222,94
67462,SELESTAT,67600,48.2481136279,7.46224896454,67
59043,BAILLEUL,59270,50.7274252798,2.7379912081,59
83045,CORRENS,83570,43.4864185627,6.06826217623,83
85191,LA ROCHE SUR YON,85000,46.6675261644,-1.4077954093,85
88160,EPINAL,88000,48.1631202656,6.47989286928,88
07204,ST AGREVE,7320,45.0052980637,4.41285687419,7
44143,REZE,44400,47.1762338904,-1.54966399893,44
64102,BAYONNE,64100,43.4922254016,-1.46607674358,64
17306,ROYAN,17200,45.6346574238,-1.01791403375,17
91665,LA VILLE DU BOIS,91620,48.6610194975,2.26503430984,91
17300,LA ROCHELLE,17000,46.1620643972,-1.17465702836,17
33417,STE HELENE,33480,44.9726615806,-0.913525242529,33
91132,CHAMARANDE,91730,48.5167739657,2.21800082924,91
12202,RODEZ,12000,44.3582426254,2.5672793892,12
89073,CHAMPIGNELLES,89350,47.7800283506,3.07775894136,89
18279,VIERZON,18100,47.2368836077,2.0790757049,18
24273,MOLIERES,24480,44.8119248894,0.82474050426,24
14333,HONFLEUR,14600,49.4129449727,0.237579361279,14
07145,LUSSAS,7170,44.6192177092,4.46630461903,7
24037,BERGERAC,24100,44.8543751872,0.486529423457,24
57338,HOTTVILLER,57720,49.0782664216,7.35808063345,57
71295,MERVANS,71310,46.7945134241,5.18412548455,71
73024,LES AVANCHERS VALMOREL,73260,45.4607199042,6.44362178612,73
85155,MOUILLERON LE CAPTIF,85000,46.7104764993,-1.46129661418,85
45142,FAY AUX LOGES,45450,47.9326007256,2.16025043268,45
78551,ST GERMAIN EN LAYE,78100,48.9407041394,2.09870929375,78
80685,ROYE,80700,49.6936899931,2.78868757676,80
66141,PIA,66380,42.7487012331,2.91497381059,66
24352,RIBERAC,24600,45.2457883325,0.334782848632,24
29027,CHATEAUNEUF DU FAOU,29520,48.1889732859,-3.82126129764,29
34179,MURVIEL LES MONTPELLIER,34570,43.6095675101,3.73935842429,34
33243,LIBOURNE,33500,44.9130767869,-0.234709332068,33
44103,MONTOIR DE BRETAGNE,44550,47.3232368527,-2.1467366036,44
34187,OLARGUES,34390,43.540135455,2.91772316116,34
10018,AUXON,10130,48.0923181622,3.92346188322,10
45203,MEUNG SUR LOIRE,45130,47.8397230739,1.69811579508,45
77335,CHAUCONIN NEUFMONTIERS,77124,48.9719332783,2.83158634864,77
62386,GRENAY,62160,50.4496814864,2.74513302656,62
74276,TANINGES,74440,46.1265071577,6.60770716363,74
14338,HOULGATE,14510,49.2974071263,-0.0677562139709,14
25332,LAVERNAY,25170,47.2443013496,5.81882619384,25
13005,AUBAGNE,13400,43.2934843764,5.56331273477,13
91471,ORSAY,91400,48.7004093953,2.18737051177,91
24096,CHAMPAGNAC DE BELAIR,24530,45.400469208,0.69507098451,24
34108,FRONTIGNAN,34110,43.4482458873,3.74923522416,34
84091,PIOLENC,84420,44.1774697051,4.76585289056,84
40197,MORCENX,40110,44.0410936254,-0.888623636398,40
48080,LANGOGNE,48300,44.7237405653,3.83363110341,48
33016,ASQUES,33240,44.948000841,-0.426140042682,33
26064,CHABEUIL,26120,44.9082255842,5.00743034189,26
31149,COLOMIERS,31770,43.611551508,1.32700218407,31
34344,LA GRANDE MOTTE,34280,43.5685394142,4.0758328467,34
59606,VALENCIENNES,59300,50.3588666163,3.51567664819,59
40201,MUGRON,40250,43.7412885635,-0.752690282166,40
48061,FLORAC TROIS RIVIÈRES,48400,44.3162079295,3.58273527435,48
48095,MENDE,48000,44.5294508592,3.48086881176,48
17077,CERCOUX,17270,45.1273503043,-0.207698631448,17
18145,MENETOU SALON,18510,47.241732115,2.49021091816,18
14437,MONDEVILLE,14120,49.1693649378,-0.310691187417,14
72059,CHANTENAY VILLEDIEU,72430,47.9198250308,-0.154140183084,72
14762,VIRE NORMANDIE,14500,48.8512498219,-0.889601911342,14
94080,VINCENNES,94300,48.8473732045,2.43798650741,94
97311,ST LAURENT DU MARONI,97320,4.96474398632,-53.9832113662,973
67150,FURDENHEIM,67117,48.6105637831,7.55789773047,67
40192,MONT DE MARSAN,40000,43.899361404,-0.490722577455,40
04070,DIGNE LES BAINS,4000,44.0908723554,6.23590323452,4
79057,BRIOUX SUR BOUTONNE,79170,46.1418337503,-0.218953610699,79
19042,CHANTEIX,19330,45.3124205901,1.6226623783,19
41269,VENDOME,41100,47.8013026692,1.06106057175,41
95205,ECOUEN,95440,49.0260643173,2.38485695599,95
37022,BEAUMONT EN VERON,37420,47.1939476684,0.186243013287,37
95500,PONTOISE,95300,49.0513737853,2.09487928948,95
24026,BASSILLAC,24330,45.1789592433,0.820956969026,24
13103,SALON DE PROVENCE,13300,43.6462885238,5.06814649576,13
68154,ILLZACH,68110,47.7734992,7.36011136903,68
22362,TREGUIER,22220,48.7850465816,-3.23178776538,22
38130,LA COTE ST ANDRE,38260,45.3834360946,5.26068376928,38
97411,ST DENIS,97400,-20.9329708192,55.446867167,974
97209,FORT DE FRANCE,97234,14.6411114389,-61.0691889244,972
57666,TERVILLE,57180,49.3465483422,6.13220160083,57
35145,LANGON,35660,47.733471612,-1.87194975237,35
94073,THAIS,94320,48.7607841928,2.38537729524,94
54581,VILLE SUR YRON,54800,49.1209779475,5.87272709272,54
34209,PORTIRAGNES,34420,43.301736727,3.3476310741,34
85025,LA BOISSIERE DE MONTAIGU,85600,46.9451858636,-1.1916392484,85
91587,SAULX LES CHARTREUX,91160,48.6850264714,2.26634749221,91
34343,VIOLS LE FORT,34380,43.7367573026,3.69220324597,34
63040,BILLOM,63160,45.7251184657,3.32304115809,63
44215,VERTOU,44120,47.1603732625,-1.47052291749,44
36143,NOHANT VIC,36400,46.6401357121,1.95677952761,36
02408,LAON,2000,49.5679724897,3.62089561902,2
03102,DOMPIERRE SUR BESBRE,3290,46.5305895294,3.67644076991,3
62108,BERCK,62600,50.4141574341,1.58229663833,62
51391,MUIZON,51140,49.2724383199,3.88749263388,51
71137,CLUNY,71250,46.4303628582,4.67033276327,71
77034,BLANDY LES TOURS,77720,48.5601991238,2.79501080828,77
57511,NORROY LE VENEUR,57140,49.179562869,6.11099249211,57
16015,ANGOULEME,16000,45.6472585146,0.14514490683,16
83139,TOURTOUR,83690,43.5935800875,6.310682972,83
17380,ST PALAIS SUR MER,17420,45.6579754062,-1.10115118709,17
34003,AGDE,34300,43.309129116,3.48447903133,34
01007,AMBRONAY,1500,46.0055913782,5.35760660735,1
65009,ANERES,65150,43.0760669312,0.464444450073,65
93029,DRANCY,93700,48.9234246259,2.44492688692,93
63003,AMBERT,63600,45.5557839461,3.75625356567,63
64122,BIARRITZ,64200,43.4695847227,-1.55309857519,64
49200,LONGUENEE EN ANJOU,49770,47.5607664036,-0.683468497352,49
85290,THIRÉ,85210,46.5433098199,-1.00699777534,85
60414,MONTATAIRE,60160,49.2632645948,2.43135724334,60
95039,AUVERS SUR OISE,95430,49.0803858577,2.15488070885,95
56009,BANGOR,56360,47.313014109,-3.1920046614,56
83132,SOLLIES VILLE,83210,43.1784166306,6.01726722545,83
87011,BELLAC,87300,46.1049122554,1.04116467219,87
84089,PERTUIS,84120,43.6872357464,5.52052480281,84
22008,BOBITAL,22100,48.4144897659,-2.09704568121,22
66025,BOURG MADAME,66760,42.4379971277,1.96090815348,66
22166,PENVENAN,22710,48.816014407,-3.30224745841,22
05153,ST MICHEL DE CHAILLOL,5260,44.6888900905,6.16982010891,5
41034,CHAMBORD,41250,47.6160275858,1.54153082337,41
29046,DOUARNENEZ,29100,48.0806526556,-4.32784220122,29
73054,BOURG ST MAURICE,73700,45.6647980545,6.76637903907,73
16106,CONFOLENS,16500,46.0191386034,0.658522279035,16
85076,CUGAND,85610,47.0602388146,-1.25289811103,85
31157,CUGNAUX,31270,43.5449211242,1.34286223759,31
31022,AUCAMVILLE,31140,43.6713968117,1.42370910767,31
92062,PUTEAUX,92800,48.8837094969,2.23834178314,92
97128,STE ANNE,97180,16.2572300868,-61.3874730054,971
34336,VILLENEUVE LES BEZIERS,34500,43.3172489997,3.28958494349,34
02381,HIRSON,2500,49.9426458618,4.10483732841,2
47074,COUTHURES SUR GARONNE,47180,44.5203730714,0.068285349184,47
80001,ABBEVILLE,80100,50.1083582944,1.83209170207,80
78073,BOIS D ARCY,78390,48.8044185716,2.01911294303,78
38191,HUEZ,38750,45.0969425761,6.08474810987,38
30085,COLLIAS,30210,43.9490522277,4.47176606244,30
22168,PERROS GUIREC,22700,48.8094393417,-3.46769227891,22
43048,LA CHAISE DIEU,43160,45.3187166909,3.69286458356,43
58145,LORMES,58140,47.2894645643,3.82491613793,58
03185,MONTLUCON,3100,46.3385883496,2.60390499777,3
62160,BOULOGNE SUR MER,62200,50.7271332663,1.60756334802,62
36088,ISSOUDUN,36100,46.9489390293,2.00053790133,36
29109,LANDUNVEZ,29840,48.5343990673,-4.72936031932,29
17224,MATHA,17160,45.8637317103,-0.314996278369,17
25380,METABIEF,25370,46.7648830862,6.35324497812,25
40005,ARBOUCAVE,40320,43.6059261585,-0.44174435794,40
01427,TREVOUX,1600,45.940671655,4.7714415007,1
22119,LANVELLEC,22420,48.6072769742,-3.52795086821,22
77186,FONTAINEBLEAU,77300,48.4066856508,2.68031396389,77
13021,CARRY LE ROUET,13620,43.3427663021,5.15373765817,13
29155,OUESSANT,29242,48.4601042319,-5.08534533544,29
16225,MONTEMBOEUF,16310,45.7738787675,0.551136998408,16
45338,VILLEMANDEUR,45700,47.9830187489,2.70512428321,45
92071,SCEAUX,92330,48.776816369,2.29529414514,92
59009,VILLENEUVE D ASCQ,59491,50.6324372393,3.1535257221,59
94041,IVRY SUR SEINE,94200,48.8128063812,2.38778023612,94
13056,MARTIGUES,13117,43.3798920489,5.04945402314,13
24291,MONTIGNAC,24290,45.0627368774,1.15422675286,24
68269,RIBEAUVILLE,68150,48.2065139236,7.28672468283,68
02684,ST MICHEL,2830,49.9259700696,4.15288229364,2
77123,COMPANS,77290,48.9892298685,2.6561103822,77
37337,VILLENEUVE LES MAGUELONE,37750,nan,nan,34
06083,MENTON,6500,43.7908233727,7.49365612374,6
83129,SIX FOURS LES PLAGES,83140,43.086818602,5.82924464931,83
2B043,BRANDO,20222,42.7792996993,9.45029993821,20
39478,ST CLAUDE,39200,46.408600398,5.87556247635,39
94073,THIAIS,94320,48.7607841928,2.38537729524,94
84031,CARPENTRAS,84200,44.0593802565,5.06134844776,84
83088,NEOULES,83136,43.2945310996,6.02592739077,83
63255,NONETTE ORSONNETTE,63340,45.4846982805,3.28374300124,63
2A139,LECCI,20137,41.6654830708,9.31906773443,20
94033,FONTENAY SOUS BOIS,94120,48.8511046382,2.47395409774,94
77359,PERTHES,77930,48.479730606,2.55038052003,77
85240,ST MALO DU BOIS,85590,46.9248120291,-0.914182961099,85
81217,PUYCELSI,81140,43.9765161784,1.70709054548,81
83055,FAYENCE,83440,43.6103345822,6.67843279926,83
83101,RAMATUELLE,83350,43.2186126186,6.63754734174,83
84099,ROBION,84440,43.8519678718,5.11008684319,84
46240,ROCAMADOUR,46500,44.8148525753,1.62220346544,46
72264,SABLE SUR SARTHE,72300,47.8378265007,-0.354705885665,72
46251,ST CERE,46400,44.8531827667,1.89258045388,46
45315,SULLY SUR LOIRE,45600,47.7526229305,2.35647713689,45
73093,LA COTE D AIME,73210,45.6105383975,6.66721481397,73
34157,MEZE,34140,43.4292981138,3.57774572973,34
46102,FIGEAC,46100,44.6055314625,2.02540303775,46
85163,NOIRMOUTIER EN L ILE,85330,47.0086655085,-2.26243620205,85
45234,ORLEANS,45100,47.8828634214,1.91610357477,45
44132,PORNICHET,44380,47.2615791665,-2.31415650821,44
36006,ARGENTON SUR CREUSE,36200,46.5787862593,1.4926283101,36
19059,CONCEZE,19350,45.3604032352,1.33771562463,19
22046,ST GOUENO,22330,48.2937312654,-2.52246803693,22
33514,SOULAC SUR MER,33780,45.493296382,-1.10918123147,33
01160,FERNEY VOLTAIRE,1210,46.2519789243,6.10826403805,1
88346,LA PETITE RAON,88210,48.4194366522,6.99291726168,88
30339,VALLERAUGUE,30570,44.0875534961,3.61946476562,30
85008,AUBIGNY LES CLOUZEAUX,85430,46.6028241769,-1.46743549114,85
22274,ST ANDRE DES EAUX,22630,48.3731003808,-2.01421441815,22
59178,DOUAI,59500,50.3823195335,3.09145683114,59
41220,ST LAURENT NOUAN,41220,47.709174366,1.62466277515,41
95352,LUZARCHES,95270,49.1151211125,2.44082640954,95
84003,APT,84400,43.879393265,5.38921757843,84
93006,BAGNOLET,93170,48.8690836308,2.42274096688,93
33165,FARGUES ST HILAIRE,33370,44.819815277,-0.439992385579,33
31042,LUCHON,31110,42.736147731,0.626640395614,31
17434,SURGERES,17700,46.1044773827,-0.753715269757,17
29039,CONCARNEAU,29900,47.8966260003,-3.90716871821,29
60159,COMPIEGNE,60200,49.3990601478,2.85317249363,60
55272,LAIMONT,55800,48.8425240872,5.04206568758,55
33262,MACAU,33460,45.004972156,-0.612661871132,33
83118,ST RAPHAEL,83700,43.4574625431,6.84734210398,83
37231,ST PATERNE RACAN,37370,47.5816905056,0.466637692187,37
86165,MONTMORILLON,86500,46.4263978846,0.895458347632,86
53250,ST POIX,53540,47.9663369335,-1.04358876565,53
83072,LORGUES,83510,43.4814630298,6.35892744946,83
47238,ST ANTOINE DE FICALBA,47340,44.1868209409,0.516380488388,47
25388,MONTBELIARD,25200,47.5155169816,6.79148147353,25
37204,ROUZIERS DE TOURAINE,37360,47.5311263676,0.647449146554,37
31026,AURIAC SUR VENDINELLE,31460,43.519408834,1.82440314638,31
92073,SURESNES,92150,48.8698479132,2.21965517625,92
84081,MORIERES LES AVIGNON,84310,43.9337788848,4.90875878315,84
82112,MOISSAC,82200,44.1262518079,1.09834758014,82
62604,HARDELOT,62152,50.6171328385,1.61729338887,62
92014,BOURG LA REINE,92340,48.7799073627,2.31643010763,92
38548,VILLARD DE LANS,38250,45.0600847837,5.54420891959,38
01450,VILLIEU-LOYES-MOLLON,1800,45.932014998,5.22953071636,1
76217,DIEPPE,76200,49.9222503951,1.08681168449,76
63178,ISSOIRE,63500,45.5455577894,3.24499324643,63
77441,SAMOIS SUR SEINE,77920,48.4550515717,2.75291155262,77
48027,LE BLEYMARD,48190,44.5107452501,3.74294007436,48
77168,EGREVILLE,77620,48.1821285238,2.88437118271,77
29042,CROZON,29160,48.2449715382,-4.49170347769,29
22162,PAIMPOL,22500,48.7733386239,-3.05459397042,22
83130,SOLLIES PONT,83210,43.1907611248,6.06327697157,83
98813,LA FOA,98880,-21.70927,165.828366,988
98822,POINDIMIE,98822,-20.936331,165.330548,988
31483,ST GAUDENS,31800,43.1199260811,0.726613564199,31
92048,MEUDON,92190,48.8037275796,2.22696287829,92
94068,ST MAUR DES FOSSES,94100,48.7990677797,2.49386450452,94
57206,FAMECK,57290,49.2987006334,6.10649265804,57
69266,VILLEURBANNE,69100,45.7707704179,4.88845817426,69
2B136,LAMA,20218,42.5804431828,9.16621069911,20
38225,AUTRANS MEAUDRE EN VERCORS,38880,45.1321769623,5.52869303726,38
26324,ST PAUL TROIS CHATEAUX,26130,44.3482808478,4.75744934383,26
24520,SARLAT,24200,44.8983558068,1.2066486429,24
44049,LE CROISIC,44490,47.2922743449,-2.52277844422,44
54580,VILLERUPT,54190,49.4647155933,5.92643741054,54
2A247,PORTO VECCHIO,20137,41.5924932873,9.25363087024,20
40046,BISCARROSSE,40600,44.409080109,-1.1773616947,40
57463,METZ,57070,49.1081133279,6.1955245421,57
76305,GONFREVILLE L ORCHER,76700,49.4860837457,0.221985693724,76
87206,VILLEFAVARD,87190,46.1696846397,1.2141520992,87
67180,HAGUENAU,67500,48.8417047695,7.83010404968,67
50129,CHERBOURG EN COTENTIN,50100,49.633412156,-1.63390160204,50
31506,ST ORENS DE GAMEVILLE,31650,43.5590787673,1.53513710649,31
06084,MOUANS SARTOUX,6370,43.6185304023,6.96494426706,6
30202,PONT ST ESPRIT,30130,44.2526637065,4.63901945786,30
29024,CARHAIX PLOUGER,29270,48.2687578823,-3.56626363851,29
43135,LE MONASTIER SUR GAZEILLE,43150,44.9345419113,4.00710354299,43
49138,LES BOIS D ANJOU,49250,47.4829167789,-0.174198642479,49
30351,VILLENEUVE LES AVIGNON,30400,43.9771673582,4.79466040665,30
06123,ST LAURENT DU VAR,6700,43.6859625772,7.18218791815,6
53130,LAVAL,53000,48.0608565468,-0.766005687142,53
84035,CAVAILLON,84300,43.8508361826,5.03606300916,84
59273,GRAVELINES,59820,50.9975626638,2.14413046485,59
02789,VERVINS,2140,49.8351798708,3.92522602825,2
43268,YSSINGEAUX,43200,45.1393761299,4.13104937731,43
03236,ST GERMAIN DES FOSSES,3260,46.1959477042,3.42997700831,3
26235,PIERRELATTE,26700,44.3606937732,4.68715113615,26
35037,BREAL SOUS MONTFORT,35310,48.044637167,-1.86571618785,35
38288,OYTIER ST OBLAS,38780,45.5646344835,5.03134323358,38
30350,LE VIGAN,30120,43.9886565575,3.62522883405,30
79049,BRESSUIRE,79300,46.8545755683,-0.479375922286,79
76225,ECRETTEVILLE LES BAONS,76190,49.6297955951,0.67254078576,76
56121,LORIENT,56100,47.7500486947,-3.37823200917,56
70026,ARC LES GRAY,70100,47.4628603881,5.58172003346,70
10003,AIX EN OTHE,10190,48.1975745771,3.73632794113,10
49353,TRELAZE,49800,47.451357179,-0.473458788346,49
40279,ST PAUL LES DAX,40990,43.7464083139,-1.08127980711,40
77183,LA FERTE SOUS JOUARRE,77260,48.9540164057,3.12762174384,77
34270,ST JEAN DE VEDAS,34430,43.5716282319,3.83221847952,34
22266,ROSTRENEN,22110,48.2215427736,-3.31179704668,22
03036,BOURBON L ARCHAMBAULT,3160,46.5836819113,3.05141625983,3
51050,BERGERES SOUS MONTMIRAIL,51210,48.8453830392,3.59711725011,51
31232,GRENADE,31330,43.7640507757,1.28038974975,31
53004,AMPOIGNE,53200,47.8051436119,-0.823338302617,53
59392,MAUBEUGE,59600,50.283630719,3.96328053037,59
97602,BANDRABOUA,97650,-12.7232292527,45.1181212208,976
74200,NEUVECELLE,74500,46.3921186949,6.60933233238,74
67212,HOLTZHEIM,67810,48.5567634132,7.64425286816,67
33273,MARTIGNAS SUR JALLE,33127,44.8450267218,-0.795499117928,33
25462,PONTARLIER,25300,46.9119730882,6.38914602031,25
76305,GONFREVILLEL ORCHER,76700,49.4860837457,0.221985693724,76
40266,ST JULIEN EN BORN,40170,44.0910922901,-1.24835443544,40
70421,PORT SUR SAONE,70170,47.692500452,6.03302774909,70
88413,ST DIE DES VOSGES,88100,48.2967093514,6.93809367547,88
13050,LAMBESC,13410,43.6615217681,5.25191446931,13
12274,SYLVANES,12360,43.8251925157,2.95288652879,12
52331,MONTIER EN DER,52220,48.4874732749,4.78668890124,52
83069,HYERES,83400,43.1018713534,6.18898508469,83
65286,LOURDES,65100,43.1074297344,-0.0768069387932,65
15014,AURILLAC,15000,44.9245233686,2.44162453828,15
70550,VESOUL,70000,47.6320408648,6.1548458149,70
51108,CHALONS EN CHAMPAGNE,51000,48.9640892125,4.37883539725,51
89368,ST SAUVEUR EN PUISAYE,89520,47.6390792978,3.20437842755,89
41045,CHAUMONT SUR LOIRE,41150,47.4655792877,1.19931554619,41
88196,GERARDMER,88400,48.0653057669,6.85912240068,88
14047,BAYEUX,14400,49.2776559195,-0.704625495378,14
91377,MASSY,91300,48.7277896426,2.27513131903,91
78440,LES MUREAUX,78130,48.9888041078,1.91363448925,78
95199,DOMONT,95330,49.0296655684,2.32290103729,95
97306,MANA,97360,4.98285747902,-53.6480364932,973
73303,VAL D ISERE,73400,45.7718876928,6.43266345275,73
33039,BEGLES,33130,44.8016009051,-0.547755768448,33
48193,VEBRON,48400,44.2551348683,3.54353418299,48
27229,EVREUX,27000,49.02015421,1.14164412464,27
33318,PESSAC,33600,44.7915990521,-0.676303166277,33
98735,PAPEETE,98714,-17.552056,-149.55886,987
56069,GROIX,56590,47.6372394221,-3.4644268016,56
29158,PENMARCH,29760,47.8121478804,-4.34003367039,29
62765,ST OMER,62500,50.7679781717,2.26334881482,62
07010,ANNONAY,7100,45.2460902392,4.65026947295,7
74173,MEGEVE,74120,45.8401573581,6.62348394015,74
30341,VAUVERT,30600,43.6258468531,4.30597093294,30
77463,THOMERY,77810,48.4042073432,2.77997290314,77
03190,MOULINS,3000,46.5624641056,3.32662040221,3
02168,CHATEAU THIERRY,2400,49.0564070801,3.38160004843,2
07011,ANTRAIGUES,7530,44.7393183247,4.35517589387,7
38105,CHIRENS,38850,45.4166318565,5.556774983,38
56041,CLEGUEREC,56480,48.1278326906,-3.0634223364,56
44129,PONTCHATEAU,44160,47.433636363,-2.09556089039,44
21584,SAULIEU,21210,47.2840306915,4.23192469784,21
26125,EURRE,26400,44.758262486,4.97623533568,26
29124,LESNEVEN,29260,48.5801251196,-4.31293757639,29
13100,ST REMY DE PROVENCE,13210,43.7834249015,4.85366665286,13
49099,CHOLET,49300,47.0454402992,-0.877886189605,49
50099,CARENTAN LES MARAIS,50500,49.2963250601,-1.2559215726,50
56260,VANNES,56000,47.6597493766,-2.75714329498,56
79174,MELLE,79500,46.2309583731,-0.147888712984,79
16113,LA COURONNE,16400,45.6096373338,0.109121178707,16
2B043,ERBALUNGA,20222,42.7792996993,9.45029993821,20
37079,CIVRAY DE TOURAINE,37150,47.3394574162,1.04082548728,37
06079,MANDELIEU LA NAPOULE,6210,43.5380510468,6.91808936542,6
97204,CARBET,97221,14.7110039815,-61.1647565483,972
81145,LISLE SUR TARN,81310,43.8974980421,1.78200143861,81
77379,PROVINS,77160,48.5633093312,3.28756780085,77
56153,LE PALAIS,56361,47.5826411591,-2.33551260645,56
86139,LUSIGNAN,86600,46.4377572057,0.114217790925,86
89155,ESCOLIVES STE CAMILLE,89290,47.7225909756,3.60249190307,89
92077,VILLE D AVRAY,92410,48.8215895592,2.17761311514,92
05063,LA GRAVE,5320,45.0601102401,6.28406977587,5
74010,ANNECY,74960,45.8906432566,6.12551773598,74
97605,CHICONI,97670,-12.821522233,45.1132970298,976
74236,ST GERVAIS LES BAINS,74170,45.8571864862,6.74016257718,74
62498,LENS,62300,50.4374264148,2.82105851259,62
95428,MONTMORENCY,95160,48.9918643363,2.32119797848,95
70227,FAUCOGNEY ET LA MER,70310,47.8319641353,6.5834328372,70
07324,TOURNON SUR RHONE,7300,45.0535734386,4.81493474284,7
76212,DARNETAL,76160,49.4445058359,1.15546994024,76
94058,LE PERREUX SUR MARNE,94170,48.8423952383,2.50406848573,94
66037,CANET EN ROUSSILLON,66140,42.6841288047,3.01161744752,66
17140,DOLUS D OLERON,17550,45.9096185439,-1.25750953748,17
10387,TROYES,10000,48.2967099637,4.07827967525,10
14715,TROUVILLE SUR MER,14360,49.3721246762,0.102123470052,14
74250,ST PIERRE EN FAUCIGNY,74800,46.063686335,6.37244945345,74
91477,PALAISEAU,91120,48.7146765876,2.22881488083,91
02706,SEPTMONTS,2200,49.3384597812,3.36210276584,2
92002,ANTONY,92160,48.7503412602,2.2993268102,92
63047,LA BOURBOULE,63150,45.5796236201,2.7501805247,63
68332,TAGOLSHEIM,68720,47.6548634844,7.26381080113,68
80670,REVELLES,80540,49.8400277548,2.1143709231,80
55029,BAR LE DUC,55000,48.7642280465,5.16346492169,55
09122,FOIX,9000,42.9658502274,1.61037495894,9
14076,BLAINVILLE SUR ORNE,14550,49.2281536645,-0.304322423176,14
09261,ST GIRONS,9200,42.9752923045,1.15326595533,9
17299,ROCHEFORT,17300,45.9432344536,-0.972356445692,17
10289,PLANCY L ABBAYE,10380,48.5851575322,3.98528853809,10
56158,PLESCOP,56890,47.6973490259,-2.83080852214,56
22153,MONCONTOUR,22510,48.3581980369,-2.63225581837,22
06152,VALBONNE,6560,43.628288325,7.02954476696,6
17373,ST MEDARD D AUNIS,17220,46.1592023268,-0.967137851085,17
81271,ST SULPICE LA POINTE,81370,43.7589885163,1.68659997767,81
32410,SAMATAN,32130,43.4935426323,0.934596447621,32
13053,MALLEMORT,13370,43.7285832667,5.18297726548,13
87110,ORADOUR SUR GLANE,87520,45.9310728054,1.02303381376,87
09032,AX LES THERMES,9110,42.6873576342,1.81825994194,9
43092,FAY SUR LIGNON,43430,44.9856971989,4.21170048593,43
60172,COYE LA FORET,60580,49.1449874027,2.47045856809,60
95203,EAUBONNE,95600,48.9909940165,2.27800925488,95
07019,AUBENAS,7200,44.6102127084,4.39638981424,7
92022,CHAVILLE,92370,48.8076083562,2.19234061062,92
50353,LE MONT ST MICHEL,50170,48.6222106276,-1.53309065436,50
91272,GIF SUR YVETTE,91190,48.6988273634,2.12788365005,91
70279,GRAY,70100,47.4320889937,5.61070658545,70
46072,CONCORES,46310,44.6672951054,1.39090015895,46
17461,VAUX SUR MER,17640,45.6448017664,-1.05853577703,17
18241,SANCERRE,18300,47.3256994042,2.82156691385,18
76592,ST JEAN DE FOLLEVILLE,76170,49.505056753,0.499483150435,76
01343,ST CYR SUR MENTHON,1380,46.2754005606,4.96757105158,1
71009,AZE,71550,47.0770713545,4.09241779804,71
49328,SAUMUR,49400,47.2673853525,-0.0830410591988,49
2B231,PIGNA,20220,42.599340833,8.90040924261,20
01305,PONT DE VAUX,1190,46.4422864477,4.92862459427,1
87002,AMBAZAC,87240,45.9534226621,1.39930873296,87
06157,VENCE,6140,43.7384640641,7.10194436087,6
45004,AMILLY,45200,47.9867116879,2.78217519303,45
93027,LA COURNEUVE,93120,48.9322569546,2.39978064801,93
29220,PONT L ABBE,29120,47.8654885488,-4.21962319652,29
03064,CHATEAU SUR ALLIER,3320,46.7817092789,2.98716115012,3
64499,SALIES DE BEARN,64270,43.4683239252,-0.917789447505,64
92007,BAGNEUX,92220,48.7983229866,2.30989995212,92
56231,ST NOLFF,56250,47.6984675237,-2.66583210925,56
29103,LANDERNEAU,29800,48.4507528968,-4.2643453824,29
35035,BOVEL,35330,47.9563331223,-1.95993951204,35
93073,TREMBLAY EN FRANCE,93290,48.9784304121,2.55468501543,93
76647,ST ROMAIN DE COLBOSC,76430,49.5286231796,0.363829451738,76
71014,AUTUN,71400,46.945536773,4.31060069532,71
56186,QUIBERON,56170,47.4881657518,-3.12282400639,56
74275,TALLOIRES MONTMIN,74210,45.8357923857,6.23052089871,74
66008,ARGELES SUR MER,66700,42.5352193463,3.02429862885,66
69259,VENISSIEUX,69200,45.7037728826,4.88137668221,69
68359,WATTWILLER,68700,47.8421539165,7.17527188812,68
35115,FOUGERES,35300,48.3524697115,-1.19431177241,35
51454,REIMS,51100,49.2514906066,4.0402302322,51
44210,TRIGNAC,44570,47.3125328416,-2.20700045585,44
12185,PONT DE SALARS,12290,44.277717255,2.70931526263,12
31390,MONTREJEAU,31210,43.0885884936,0.558463262724,31
41127,LA MAROLLE EN SOLOGNE,41210,47.5829832487,1.78891907492,41
84088,PERNES LES FONTAINES,84210,43.9960550539,5.03959100234,84
42313,TRELINS,42130,45.7251404881,4.00078301382,42
33249,LORMONT,33310,44.8765972567,-0.519774925453,33
38253,LES DEUX ALPES,38860,45.0159885994,6.13818619624,38
26141,GISORS ET LOZERON,26400,44.8113617403,5.11358630739,26
17240,MONTENDRE,17130,45.2880726146,-0.387479585943,17
85109,LES HERBIERS,85500,46.8666125813,-1.02216086186,85
94034,FRESNES,94260,48.7571343016,2.32612839743,94
39244,FRONTENAY,39210,46.7884051607,5.63215279855,39
39300,LONS LE SAUNIER,39000,46.6744796278,5.55733212947,39
03118,GANNAT,3800,46.0984192073,3.17790823629,3
41259,THORE LA ROCHETTE,41100,47.7859819999,0.970946922736,41
22113,LANNION,22300,48.7433496707,-3.46159799691,22
47210,PORT STE MARIE,47130,44.2605042795,0.374453245526,47
47157,MARMANDE,47200,44.5055176845,0.172174280849,47
66004,LES ANGLES,66210,42.5797574108,2.05268528008,66
86246,ST SAVIN SUR GARTEMPE,86310,46.5832866024,0.840222181095,86
46120,GINDOU,46250,44.6266225054,1.26418092568,46
01024,ATTIGNAT,1340,46.2861802203,5.1795233845,1
31557,TOURNEFEUILLE,31170,43.5781918597,1.33500697752,31
29210,PLOUVORN,29420,48.5765978002,-4.02210161181,29
82033,CASTELSARRASIN,82100,44.0490326525,1.12348123121,82
44113,NOZAY,44170,47.5728858483,-1.60097664616,44
87014,BESSINES SUR GARTEMPE,87250,46.1088644019,1.3601193629,87
45285,ST JEAN DE LA RUELLE,45140,47.9116141172,1.87108144709,45
44066,GRANDCHAMP DES FONTAINES,44119,47.3606796643,-1.61754475868,44
34032,BEZIERS,34500,43.3475883319,3.23076754164,34
42184,RIORGES,42153,46.0429114311,4.03375590925,42
30138,LANGLADE,30980,43.8045117845,4.25533661815,30
84129,SORGUES,84700,44.0145763951,4.86740515419,84
62477,IZEL LES HAMEAUX,62690,50.3147014081,2.53156899896,62
74243,ST JULIEN EN GENEVOIS,74160,46.139365545,6.07881171095,74
92049,MONTROUGE,92120,48.8153032159,2.31648921432,92
10333,ST ANDRE LES VERGERS,10120,48.2782659904,4.04840305057,10
03312,VIEURE,3430,46.5001110432,2.88222237454,3
38170,FONTANIL CORNILLON,38120,45.2540718462,5.66423363739,38
78616,THOIRY,78770,48.8724624004,1.79780062062,78
33119,CENON,33150,44.8548325665,-0.521018807062,33
94071,SUCY EN BRIE,94370,48.7656456593,2.5330560803,94
67118,ECKBOLSHEIM,67201,48.5790053064,7.68216295597,67
44043,CLISSON,44190,47.097896998,-1.27042598067,44
33537,UZESTE,33730,44.4334139021,-0.324575198234,33
59359,LOON PLAGE,59279,51.0012144614,2.22304802432,59
50267,LESSAY,50430,49.2167143742,-1.52478862014,50
25311,LA CUDE HYEMONDANS,25250,47.3809106703,6.63896940193,25
24164,EXCIDEUIL,24160,45.3293054433,1.06217894627,24
63236,MONT DORE,63240,45.5760999131,2.80995918175,63
34322,VALFLAUNES,34270,43.8020094105,3.86188285063,34
59051,LA BASSEE,59480,50.5397647046,2.80910290453,59
17333,ST GEORGES DE DIDONNE,17110,45.6036278448,-0.980098297165,17
69271,CHASSIEU,69680,45.7376148968,4.96172914286,69
39333,MOIRANS EN MONTAGNE,39260,46.4388080084,5.73795329823,39
60382,MARGNY LES COMPIEGNE,60280,49.4329968709,2.8054861143,60
87107,NIEUL,87510,45.9214559183,1.18018067279,87
27265,FRANCHEVILLE,27160,48.7942723344,0.838965152911,27
68166,KINGERSHEIM,68260,47.7889765168,7.32299335222,68
55545,VERDUN,55100,49.1454831903,5.36141821261,55
15094,LAROQUEBROU,15150,44.974801878,2.19344155664,15
69255,VAUGNERAY,69670,45.7318792519,4.64378667979,69
37208,ST AVERTIN,37550,47.3571561121,0.737544440483,37
92040,ISSY LES MOULINEAUX,92130,48.82347434,2.26449823277,92
06033,CARROS,6510,43.7850390592,7.18414159904,6
24102,CHANCELADE,24650,45.2100121087,0.655273444534,24
83023,BRIGNOLES,83170,43.3992941902,6.07740244296,83
33281,MERIGNAC,33700,44.8322953289,-0.681733084891,33
71149,COUCHES,71490,46.869155076,4.56431598435,71
26146,GRIGNAN,26230,44.4369175751,4.90180143483,26
66212,TORREILLES,66440,42.7533924686,3.00860614432,66
30136,JUNAS,30250,43.7615067362,4.11752159876,30
74119,EVIAN LES BAINS,74500,46.3924102379,6.58612507528,74
22186,PLENEUF VAL ANDRE,22370,48.5840054611,-2.53016887694,22
65295,LUZ ST SAUVEUR,65120,42.8320053922,0.0163906780322,65
42147,MONTBRISON,42600,45.6008365515,4.0713982073,42
56137,MONTERBLANC,56250,47.7315728601,-2.69647257441,56
80565,MONTONVILLERS,80260,49.9964398506,2.29571982025,80
13091,ST CANNAT,13760,43.6136286667,5.30698257258,13
78537,ST ARNOULT EN YVELINES,78730,48.5725220079,1.93463847942,78
84148,VILLES SUR AUZON,84570,44.0660605145,5.25707803023,84
68292,ST AMARIN,68550,47.887678929,7.04124424443,68
33238,LEOGNAN,33850,44.7191460436,-0.614707683753,33
74078,CLERMONT,74270,45.9734444894,5.90937510902,74
85277,ST VINCENT SUR GRAON,85540,46.5034756656,-1.382954206,85
45232,OLIVET,45160,47.8546997503,1.88823884753,45
17318,ST CLEMENT DES BALEINES,17590,46.2363966414,-1.53823691013,17
42224,ST GENEST MALIFAUX,42660,45.3472458116,4.43132626452,42
77131,COULOMMIERS,77120,48.8122991656,3.09124381847,77
35130,HEDE BAZOUGES,35630,48.3018808207,-1.77748405021,35
05085,MONTGENEVRE,5100,44.9389932221,6.72778259009,5
03214,ROCLES,3240,46.4445146062,3.03677199137,3
34145,LUNEL,34400,43.6820481757,4.13566472301,34
60498,LE PLESSIER SUR ST JUST,60130,49.5081515622,2.4596143307,60
13028,LA CIOTAT,13600,43.1926410861,5.61318955778,13
50102,CAROLLES,50740,48.749037599,-1.55955935077,50
33005,ANDERNOS LES BAINS,33510,44.754520164,-1.08109347037,33
40312,TARNOS,40220,43.5367457997,-1.4653189934,40
61214,L AIGLE,61300,48.7561549553,0.611126420423,61
34314,LE TRIADOU,34270,43.7367810666,3.85739515015,34
22050,DINAN,22100,48.4557709953,-2.04816149693,22
17369,ST MARTIN DE RE,17410,46.1990908569,-1.36683779933,17
13046,GREASQUE,13850,43.4262029745,5.54685109195,13
37156,MONTLOUIS SUR LOIRE,37270,47.3824921367,0.841267944196,37
68226,MUNSTER,68140,48.0448514207,7.14149744282,68
17264,NIEUL SUR MER,17137,46.2087181622,-1.16596945116,17
78220,LES ESSARTS LE ROI,78690,48.716019265,1.8952517006,78
22046,LANGOURLA,22330,48.2937312654,-2.52246803693,22
32233,MARCIAC,32230,43.521249291,0.156300856185,32
76108,BOIS GUILLAUME,76230,49.4717615714,1.12022637351,76
29239,ROSCOFF,29680,48.7123362901,-3.989722876,29
40287,SANGUINET,40460,44.4778702748,-1.06434519608,40
93048,MONTREUIL,93100,48.8633175054,2.44816211857,93
64430,ORTHEZ,64300,43.4943173399,-0.779874853399,64
73197,PEISEY NANCROIX,73210,45.5103194255,6.81520574462,73
22377,TREVENEUC,22410,48.6598480306,-2.87375934756,22
06065,LA GAUDE,6610,43.721423765,7.16039926444,6
11319,ROQUEFERE,11380,43.3939652788,2.37477905225,11
50147,COUTANCES,50200,49.0566189539,-1.44345003609,50
13022,CASSIS,13260,43.2230470065,5.55117810991,13
07133,LARNAS,7220,44.4543456079,4.59606913482,7
06089,OPIO,6650,43.6575610719,7.00860864158,6
10033,BAR SUR AUBE,10200,48.2339751025,4.71595700167,10
86066,CHATELLERAULT,86100,46.8156700185,0.552598976936,86
14366,LISIEUX,14100,49.1466628463,0.238274840452,14
57672,THIONVILLE,57100,49.3759716201,6.12928314217,57
29153,NEVEZ,29920,47.8154082656,-3.77625131302,29
54528,TOUL,54200,48.6865463937,5.89508449535,54
74281,THONON LES BAINS,74200,46.3704258049,6.48194336071,74
45155,GIEN,45500,47.71227944,2.66549550204,45
59198,EPPE SAUVAGE,59132,50.1185512931,4.16530475504,59
49194,MAZE,49630,47.4603950447,-0.284298744303,49
56178,PONTIVY,56300,48.0729953877,-2.97046592885,56
29077,GUISSENY,29880,48.6169101259,-4.41110953523,29
19269,TREIGNAC,19260,45.5524776279,1.80105006647,19
85035,BRETIGNOLLES SUR MER,85470,46.6374826705,-1.86324200464,85
47101,FOURQUES SUR GARONNE,47200,44.4554149219,0.154536756798,47
59183,DUNKERQUE,59430,51.0307229078,2.33752414095,59
85067,CHEFFOIS,85390,46.6786935635,-0.782949851125,85
64393,MONEIN,64360,43.2911768338,-0.562421409058,64
63457,VIC LE COMTE,63270,45.6440673683,3.24047430326,63
18176,PARASSY,18220,47.2421364963,2.53814745107,18
77470,TOURNAN EN BRIE,77220,48.739865817,2.77820566994,77
80212,CORBIE,80800,49.9202042489,2.49498506906,80
35120,GEVEZE,35850,48.2133254705,-1.79930703575,35
25325,LANDRESSE,25530,47.2603830516,6.48915118252,25
67313,MUTZIG,67190,48.538054845,7.45530315563,67
83071,LA LONDE LES MAURES,83250,43.1689213414,6.24285151023,83
28214,LA LOUPE,28240,48.473175806,1.02235330632,28
71235,HURIGNY,71870,46.3429969068,4.79636186257,71
44110,NORT SUR ERDRE,44390,47.447122285,-1.51824792558,44
13018,CABANNES,13440,43.8584804516,4.95793402726,13
63430,THIERS,63300,45.8620554106,3.53945258847,63
62736,SAILLY SUR LA LYS,62840,50.6532332701,2.79249849805,62
37083,CORMERY,37320,47.2592432669,0.845873952159,37
51019,AUBERIVE,51600,49.1972757573,4.41096827282,51
31332,MAUVAISIN,31190,43.3594273416,1.53862839097,31
87106,NEXON,87800,45.6749732411,1.18567878559,87
42207,ST CHAMOND,42400,45.4698319517,4.50184989506,42
12162,MOYRAZES,12160,44.3275804769,2.42736716891,12
56001,ALLAIRE,56350,47.6392193445,-2.17681507496,56
42172,PLANFOY,42660,45.3861155626,4.431442219,42
78688,VOISINS LE BRETONNEUX,78960,48.758677648,2.04850691768,78
84138,VALREAS,84600,44.3771588623,4.99354936197,84
60175,CREIL,60100,49.2533487138,2.48472669359,60
89387,SENS,89100,48.1956727015,3.29793332552,89
07115,LABEAUME,7120,44.4680870605,4.31105082566,7
30356,RODILHAN,30230,43.825503937,4.43410669109,30
45257,PRESSIGNY LES PINS,45290,47.8777160651,2.76127674486,45
30295,ST QUENTIN LA POTERIE,30700,44.057337074,4.43872425053,30
85208,ST DENIS LA CHEVASSE,85170,46.8325959261,-1.3830312677,85
18127,LIGNIERES,18160,46.7617210337,2.20479418633,18
91228,EVRY,91000,48.6294831659,2.44008244492,91
25116,CHAMPLIVE,25360,47.2883174221,6.24419443876,25
61001,LORE,61000,48.4318193082,0.0915406916107,61
17104,CHEVANCEAUX,17210,45.2991036157,-0.212745427896,17
40304,SOORTS HOSSEGOR,40150,43.6675688674,-1.41245896656,40
18157,MORTHOMIERS,18570,47.0436630553,2.27235598629,18
18015,AUBIGNY SUR NERE,18700,47.4861718263,2.42121788452,18
87023,LE BUIS,87140,46.0341686702,1.20438019379,87
80443,HORNOY LE BOURG,80640,49.8474299808,1.90289897698,80
56169,PLOUHINEC,56680,47.6929109171,-3.23358959435,56
69212,ST JEAN DES VIGNES,69380,45.8746263893,4.68243695399,69
62627,NOYELLES SOUS BELLONNE,62490,50.3091545259,3.02186108116,62
52170,DOMMARIEN,52190,47.6892296711,5.35283846982,52
15234,TEISSIERES LES BOULIES,15130,44.8209679734,2.53827855316,15
27279,GASNY,27620,49.1020218463,1.59975187173,27
07005,ALBA LA ROMAINE,7400,44.5544439142,4.59597695147,7
57540,PHALSBOURG,57370,48.7666597988,7.26359977418,57
78350,LOUVECIENNES,78430,48.8590188206,2.11364039022,78
54128,CHOLOY MENILLOT,54200,48.6534236231,5.80737190718,54
62194,CALONNE RICOUART,62470,50.4898416084,2.48534476198,62
44214,VAY,44170,47.5453431813,-1.70810408082,44
84042,CUCURON,84160,43.778224355,5.44361580359,84
47001,AGEN,47000,44.2028139104,0.625583928763,47
38442,ST PIERRE DE CHARTREUSE,38380,45.331212571,5.79772583855,38
35066,CHARTRES DE BRETAGNE,35131,48.0451561683,-1.70650297343,35
33200,LE HAILLAN,33185,44.8690837903,-0.684443512134,33
54105,BULLIGNY,54113,48.5723193391,5.84368578538,54
86297,VOUNEUIL SOUS BIARD,86580,46.5792555716,0.270706459664,86
76378,JUMIEGES,76480,49.427073553,0.831659847193,76
83099,PUGET SUR ARGENS,83480,43.4717671252,6.68628195857,83
76255,EU,76260,50.0413268784,1.42861757801,76
69167,RIVOLET,69640,46.0065781442,4.58017136765,69
29047,LE DRENNEC,29860,48.5330700302,-4.38126617487,29
59295,HAZEBROUCK,59190,50.7262967113,2.53864301455,59
70459,ST BARTHELEMY,70270,47.7410393174,6.60409347666,70
79005,AIRVAULT,79600,46.8329725103,-0.135880248296,79
21166,CHENOVE,21300,47.2926136721,5.00488353457,21
36100,LOUROUER ST LAURENT,36400,46.6194091093,2.01790100072,36
28280,NOGENT LE ROTROU,28400,48.3176302432,0.804048016354,28
54222,GERBEVILLER,54830,48.4934294526,6.51089844698,54
43051,LE CHAMBON SUR LIGNON,43400,45.0524632592,4.31966525163,43
33289,MONSEGUR,33580,44.6462089079,0.0892904208174,33
18197,ST AMAND MONTROND,18200,46.726171431,2.52013626979,18
72154,LA FLECHE,72200,47.6893893794,-0.0646954849714,72
56147,NIVILLAC,56130,47.5405533272,-2.24923467173,56
61483,BAGNOLES DE L ORNE NORMANDIE,61140,48.5556585202,-0.419510749596,61
37122,JOUE LES TOURS,37300,47.333556074,0.654546300116,37
83009,BANDOL,83150,43.1473544522,5.74789358398,83
73175,MONTSAPEY,73220,45.5314889919,6.36669427224,73
85113,ILE D'YEU,85350,46.7093514816,-2.34712702345,85
61078,CERISY BELLE ETOILE,61100,48.7831815078,-0.623679681205,61
42168,PELUSSIN,42410,45.4230806352,4.65991656851,42
11206,LIMOUX,11300,43.0499293279,2.23958811407,11
45284,ST JEAN DE BRAYE,45800,47.9178497622,1.97241570235,45
25453,PIERREFONTAINE LES VARANS,25510,47.2194158941,6.5503792835,25
87131,SAILLAT SUR VIENNE,87720,45.8704899446,0.834066842263,87
84086,OPPEDE,84580,43.8313175338,5.16982150363,84
07346,AUBENAS,7220,44.4834547319,4.66986126314,7
04112,MANOSQUE,4100,43.8354040831,5.79106654173,4
44168,ST JOACHIM,44720,47.3721622371,-2.24296601109,44
86137,LOUDUN,86200,47.0098072856,0.0990443124673,86
45068,CHALETTE SUR LOING,45120,48.0188121595,2.73578852299,45
49355,TREMENTINES,49340,47.1227107975,-0.801475622875,49
59139,CAUDRY,59540,50.1187185043,3.4192394153,59
59179,DOUCHY LES MINES,59282,50.2994352925,3.38947295524,59
62215,CARVIN,62220,50.4895185959,2.94858062937,62
94003,ARCUEIL,94110,48.8058803597,2.33351024984,94
02691,ST QUENTIN,2100,49.8472336321,3.27769499462,2
62019,AIX NOULETTE,62160,50.4212424085,2.71263968704,62
04019,BARCELONNETTE,4400,44.3785614205,6.65215089713,4
79270,ST MAIXENT L ECOLE,79400,46.4128319027,-0.210238265156,79
53127,LASSAY LES CHATEAUX,53110,48.4421089808,-0.498821106653,53
44184,ST NAZAIRE,44600,47.2802857028,-2.25379927249,44
04049,CHATEAU ARNOUX ST AUBAN,4160,44.0854706133,5.99239535024,4
22299,ST HELEN,22100,48.4661154661,-1.95919641216,22
90029,CRAVANCHE,90300,47.6518069558,6.82383810256,90
11170,GRUISSAN,11430,43.1040163547,3.08229513652,11
63281,PIONSAT,63330,46.1199954597,2.68534957248,63
27169,CONTEVILLE,27210,49.4174960871,0.391276015721,27
31523,SALIES DU SALAT,31260,43.1013456235,0.962933495319,31
17285,PORT D ENVAUX,17350,45.818051845,-0.672067298755,17
97416,ST PIERRE,97410,-21.3123242427,55.4936155164,974
69260,VERNAISON,69390,45.6493899066,4.80930520738,69
62637,OIGNIES,62590,50.4644483399,2.99306842451,62
56263,SAINTE ANNE D'AURAY,56400,47.7009234212,-2.95341644757,56
85100,GIVRAND,85800,46.6822701061,-1.8787272243,85
10426,VILLE SOUS LA FERTE,10310,48.1358669154,4.77205760299,10
83068,GRIMAUD,83310,43.2820282501,6.53303224114,83
49307,ST MATHURIN SUR LOIRE,49250,47.4219645317,-0.319673646947,49
57439,MANDEREN,57480,49.4535376683,6.44989622561,57
78420,MONTFORT L'AMAURY,78490,48.771347152,1.80894544858,78
41047,LA CHAUSSEE ST VICTOR,41260,47.6111559006,1.35763609326,41
11190,LA REDORTE,11700,43.2477384944,2.64987073042,11
27467,PONT AUDEMER,27500,49.3463869637,0.533874716445,27
35056,LA CHAPELLE AUX FILTZMEENS,35190,48.3817396388,-1.8184050063,35
69288,ST LAURENT DE MURE,69720,45.6834072587,5.06089287169,69
27170,CORMEILLES,27260,49.2517321161,0.384551732765,27
11266,PORT LA NOUVELLE,11210,43.0210644931,3.03976442192,11
83136,LE THORONET,83340,43.458933028,6.28265623456,83
71263,LOUHANS,71500,46.6351883548,5.23839292789,71
97121,POINTE NOIRE,97116,16.227093809,-61.7632677647,971
85092,FONTENAY LE COMTE,85200,46.4563186117,-0.793449510859,85
54323,LONGWY,54400,49.5214021779,5.76638370702,54
43157,LE PUY EN VELAY,43000,45.0276366659,3.89535229067,43
57480,MONTIGNY LES METZ,57950,49.0953199106,6.15452599506,57
12012,ASPRIERES,12700,44.555388853,2.13842661504,12
69072,DARDILLY,69570,45.8120018662,4.74663974001,69
73008,AIX LES BAINS,73100,45.6978541675,5.90388626955,73
44010,BATZ SUR MER,44740,47.2844487793,-2.474374647,44
59033,AULNOYE AYMERIES,59620,50.2058749072,3.83263118494,59
07295,ST SAUVEUR DE MONTAGUT,7190,44.8202271347,4.57255179328,7
42044,LE CHAMBON FEUGEROLLES,42500,45.3886064564,4.33196255695,42
18001,ACHERES,18250,47.2826534372,2.45877786434,18
29098,LAMPAUL PLOUARZEL,29810,48.4502704596,-4.76463637416,29
58041,BRINON SUR BEUVRON,58420,47.2843863072,3.49020583859,58
56094,KERVIGNAC,56700,47.7686555667,-3.2479141613,56
70311,LUXEUIL LES BAINS,70300,47.823919724,6.36363973342,70
81099,GAILLAC,81600,43.9170968776,1.88647213801,81
17168,FOURAS,17450,45.9830753407,-1.07700521801,17
72132,LA FERTE BERNARD,72400,48.1842560568,0.634694806211,72
50502,ST LO,50000,49.1099624249,-1.07755642702,50
29233,QUIMPERLE,29300,47.8561303355,-3.55642894655,29
33352,LA REOLE,33190,44.5860904495,-0.042370404021,33
13095,ST MARC JAUMEGARDE,13100,43.5561849254,5.52206993794,13
22258,QUESSOY,22120,48.4272969207,-2.65707016677,22
84014,BEAUMONT DE PERTUIS,84120,43.7379108971,5.69599127224,84
30325,SUMENE,30440,43.9885776737,3.73217518553,30
50562,ST VAAST LA HOUGUE,50550,49.5993508281,-1.27306891683,50
18038,BRUERE ALLICHAMPS,18200,46.7757107356,2.42892835888,18
72153,JUPILLES,72500,47.7918893529,0.410315352572,72
72090,CONNERRE,72160,48.0507447506,0.467977281249,72
59616,VIEUX CONDE,59690,50.4735638651,3.56606734565,59
86207,LA ROCHE POSAY,86270,46.7754623113,0.80240732874,86
01143,DIVONNE LES BAINS,1220,46.3756333495,6.1158647611,1
69047,CHARNAY,69380,45.891187551,4.66063186811,69
73051,LE BOURGET DU LAC,73370,45.6441486088,5.84622475132,73
63327,ST BONNET PRES RIOM,63200,45.9285193382,3.11628669554,63
33550,VILLENAVE D ORNON,33140,44.773185218,-0.558212256384,33
49120,CHEMILLE EN ANJOU,49092,47.3777256876,-0.609937724094,49
44164,ST HILAIRE DE CHALEONS,44680,47.0958948849,-1.87983637967,44
07064,LE CHEYLARD,7160,44.9076391858,4.42108479359,7
66164,RIVESALTES,66600,42.7785910442,2.87687296538,66
81309,VAOUR,81140,44.070490584,1.80207559018,81
82121,MONTAUBAN,82000,44.0222594578,1.36408636501,82
97413,ST LEU,97424,-21.1665966424,55.3331335776,974
27112,BRETEUIL SUR ITON,27160,48.8525387012,0.899890466074,27
31044,BALMA,31130,43.6115258731,1.50459138348,31
82088,LAGUEPIE,82250,44.163304209,1.95842635186,82
23192,ST ETIENNE DE FURSAC,23290,46.1269796893,1.53252260223,23
62510,LIEVIN,62800,50.4242782538,2.77291885384,62
33529,LA TESTE DE BUCH,33260,44.5561823053,-1.17530826791,33
94044,LIMEIL BREVANNES,94450,48.7450357782,2.48936184357,94
42145,MONTAGNY,42840,46.032936055,4.22546405807,42
33192,GRADIGNAN,33170,44.7709411201,-0.616137682116,33
40296,SEIGNOSSE,40510,43.7021964029,-1.3970873051,40
43224,STE SIGOLENE,43600,45.2470426213,4.22851598334,43
73105,LES ECHELLES,73360,45.4514870099,5.74305650824,73
73296,TIGNES,73320,45.4816828491,6.93635513554,73
21716,VOUGEOT,21640,47.174271631,4.95989664941,21
43041,BRIVES CHARENSAC,43700,45.0463267089,3.92401115104,43
57227,FORBACH,57600,49.1912650369,6.89275798526,57
74134,LES GETS,74260,46.1542288253,6.66014566051,74
71105,CHARNAY LES MACON,71850,46.3041852737,4.78693813476,71
31069,BLAGNAC,31700,43.6421867862,1.37886941086,31
59401,METEREN,59270,50.7479005121,2.67634884839,59
93070,ST OUEN,93400,48.909806575,2.33257042205,93
78124,CARRIERES SUR SEINE,78420,48.9119335064,2.17838235323,78
78358,MAISONS LAFFITTE,78600,48.9523369002,2.15161594901,78
56125,MALGUENAC,56300,48.0690022602,-3.05620760639,56
33389,ST CIERS SUR GIRONDE,33820,45.2980782445,-0.648058188533,33
67281,MARCKOLSHEIM,67390,48.1496222393,7.56101805973,67
82005,AUCAMVILLE,82600,43.7960241357,1.22532777135,82
57447,MARLY,57155,49.0658509672,6.15231485365,57
48092,MARVEJOLS,48100,44.5581181858,3.28780886743,48
33539,VAYRES,33870,44.8910656059,-0.32583268578,33
31433,PORTET SUR GARONNE,31120,43.529395272,1.40251955724,31
44155,ST COLOMBAN,44310,47.0251492396,-1.55906118865,44
79175,MELLERAN,79190,46.1300825848,0.00534971717862,79
91386,MENNECY,91540,48.5586242184,2.43753236038,91
38226,MENS,38710,44.8147716057,5.75218343717,38
66074,EUS,66500,42.657654474,2.44661138862,66
38466,ST VINCENT DE MERCUZE,38660,45.3749280893,5.95880834631,38
86006,ANTIGNY,86310,46.5360016424,0.839149696505,86
12145,MILLAU,12100,44.0976252203,3.11705384129,12
09194,MIREPOIX,9500,43.1093995072,1.86916991814,9
24322,PERIGUEUX,24000,45.1918704873,0.711825549847,24
91223,ETAMPES,91150,48.4211282308,2.13838881712,91
12089,DECAZEVILLE,12300,44.567273002,2.25243853064,12
51312,JUVIGNY,51150,49.0158806281,4.27525107126,51
67437,SAVERNE,67700,48.7402250066,7.34206238199,67
32285,MONTESQUIOU,32320,43.5780506568,0.33230525991,32
35188,MONTFORT SUR MEU,35160,48.1261000349,-1.9630334162,35
46270,ST JEAN DE LAUR,46260,44.4301259055,1.83118318259,46
02528,MORTEFONTAINE,2600,49.3362768244,3.08053479514,2
74191,MORZINE,74110,46.1732135057,6.74252144427,74
56221,ST JACUT LES PINS,56220,47.6776522748,-2.21229939133,56
44212,VALLET,44330,47.1715153308,-1.26146566077,44
44079,LE LANDREAU,44430,47.2077664835,-1.29844309328,44
28348,ST LUBIN DES JONCHERETS,28350,48.7509228383,1.18734034626,28
13080,LE PUY STE REPARADE,13610,43.6518285649,5.43958389565,13
67205,HOERD,67720,48.6905674036,7.78483478217,67
33214,LACANAU,33680,44.983404414,-1.10810794832,33
40167,LUXEY,40430,44.2207948584,-0.515670146445,40
02088,BIEVRES,2860,49.4921822965,3.7137356904,2
71070,BUXY,71390,46.7130408432,4.71342619185,71
41176,PIERREFITTE SUR SAULDRE,41300,47.5270515255,2.12726759593,41
71292,MELLECEY,71640,46.8104311793,4.7565417637,71
38087,CHASSE SUR RHONE,38670,45.5797669773,4.81420294395,38
92012,BOULOGNE BILLANCOURT,92100,48.8365843138,2.23913599058,92
33393,ST DENIS DE PILE,33910,44.9879017706,-0.183958862029,33
88530,XERTIGNY,88220,48.0387121214,6.38237551394,88
45208,MONTARGIS,45200,47.9988427684,2.73588922015,45
36215,SEGRY,36100,46.8846862374,2.09589433359,36
54547,VANDOEUVRE LES NANCY,54500,48.6579999356,6.16531229307,54
21295,GEVREY CHAMBERTIN,21220,47.2200822946,4.98301612333,21
66175,ST GENIS DES FONTAINES,66740,42.5501690702,2.92022187545,66
24396,ST CYPRIEN,24220,44.8825740011,1.02538984639,24
14515,PORT EN BESSIN HUPPAIN,14520,49.3396014282,-0.772708434394,14
11245,MONTGAILLARD,11330,42.9046014463,2.62879585851,11
51287,HAUTVILLERS,51160,49.085558433,3.94419700261,51
43268,TENCE,43200,45.1393761299,4.13104937731,43
24376,ST AULAYE PUYMANGOU,24410,45.1823303924,0.136303399419,24
56241,SAUZON,56360,47.353750697,-3.23035128949,56
35281,ST JACQUES DE LA LANDE,35136,48.0755625884,-1.72405381322,35
05010,ASPRES SUR BUECH,5140,44.5617512104,5.77203298744,5
59512,ROUBAIX,59100,50.6879774811,3.18258434623,59
2A041,BONIFACIO,20169,41.4354987425,9.18514890376,20
77333,NEMOURS,77140,48.2596067909,2.71107993087,77
86177,NEUVILLE DE POITOU,86170,46.6823102624,0.254645073675,86
39235,FRAISANS,39700,47.1244743587,5.75661818843,39
74131,FRANGY,74270,46.0231025542,5.92267414864,74
27375,LOUVIERS,27400,49.2206099164,1.15340030158,27
89202,IRANCY,89290,47.7118538877,3.68956867667,89
17274,PERIGNY,17180,46.1574551352,-1.08886084864,17
69264,VILLEFRANCHE SUR SAONE,69400,45.9874596667,4.73174007305,69
33223,LANGON,33210,44.7425058294,0.160918010334,33
06043,COARAZE,6390,43.8664901786,7.29913349222,6
2B205,PATRIMONIO,20253,42.7066867042,9.3670488048,20
34310,THEZAN LES BEZIERS,34490,43.4132925116,3.15810877475,34
26196,MONTELEGER,26760,44.8558469973,4.92784684928,26
13063,MIRAMAS,13140,43.5842134124,5.01384348574,13
85094,FOUSSAIS PAYRE,85240,46.5230750581,-0.687135962627,85
44093,MAUMUSSON,44540,47.4827042599,-1.11902046549,44
97415,ST PAUL,97460,-21.0445317522,55.3223334298,974
01283,OYONNAX,1100,46.2605435859,5.65344320923,1
60151,CHOISY AU BAC,60750,49.442089833,2.89567270285,60
59410,MONS EN BARUL,59370,50.6432478699,3.1087677878,59
42095,FIRMINY,42700,45.3788146093,4.28879456136,42
79339,VASLES,79340,46.5737648617,-0.0494104571753,79
52269,LANGRES,52200,47.8591544821,5.33880466821,52
05046,EMBRUN,5200,44.5804294908,6.47559298927,5
29151,MORLAIX,29600,48.5996746612,-3.82052019963,29
50499,ST LAURENT DE CUVES,50670,48.7494442333,-1.11520234761,50
26063,BUIS LES BARONNIES,26170,44.276084918,5.27102720538,26
94038,L HAY LES ROSES,94240,48.7763207843,2.33772915609,94
93057,LES PAVILLONS SOUS BOIS,93320,48.9082060253,2.50297448267,93
85089,LA FERRIERE,85280,46.7215872927,-1.33469332327,85
37130,LIGUEIL,37240,47.0423190397,0.817374235768,37
76564,ST AUBIN SUR MER,76740,49.8888204893,0.875914099002,76
33394,ST EMILION,33330,44.8999911844,-0.169955105989,33
67130,ERSTEIN,67150,48.4213687934,7.68523629922,67
38359,ST ANTOINE L ABBAYE,38160,45.1722353559,5.21609050981,38
67348,OBERNAI,67210,48.4593467321,7.48006434701,67
22325,ST QUAY PORTRIEUX,22410,48.6542475006,-2.84382337656,22
69299,COLOMBIER SAUGNIEU,69124,45.7178013267,5.10337456661,69
92020,CHATILLON,92320,48.8034091756,2.28799131883,92
54273,JARNY,54800,49.1495784035,5.88121522823,54
74042,BONNEVILLE,74130,46.0739003968,6.40868532191,74
84019,BOLLENE,84500,44.2882016409,4.75235956257,84
67261,LAUTERBOURG,67630,48.9637116345,8.18637725776,67
44131,PORNIC,44210,47.1223972452,-2.05182334479,44
45277,ST FLORENT,45600,47.6846303969,2.45341866592,20
21710,VITTEAUX,21350,47.3974282764,4.54312292794,21
77059,BUSSY ST MARTIN,77600,48.8462454012,2.67900406868,77
01290,PEROUGES,1800,45.8803945768,5.17955874977,1
85010,AVRILLE,85440,46.4744272125,-1.49524360118,85
85146,MONTAIGU,85600,46.9759800852,-1.31364530268,85
34199,PEZENAS,34120,43.462990168,3.41651652125,34
13071,LES PENNES MIRABEAU,13170,43.4026791235,5.31547094057,13
13082,ROGNES,13840,43.6648781836,5.35218247017,13
37212,STE CATHERINE DE FIERBOIS,37800,47.1566893573,0.676679379745,37
56044,COURNON,56200,47.7490041075,-2.09816065532,56
47217,PUYMIROL,47270,44.1878890197,0.805532157902,47
89309,PONT SUR YONNE,89140,48.2787429774,3.1934739546,89
64138,BORDES,64510,43.2436324189,-0.272861349005,64
86194,NOUAILLE MAUPERTUIS,86000,46.5839207726,0.359947653003,86
74080,LA CLUSAZ,74220,45.9001389505,6.46031714364,74
59491,RAISMES,59590,50.410089317,3.48909318774,59
12094,ENTRAYGUES SUR TRUYERE,12140,44.6544227279,2.57843798744,12
29234,RÉDÉNÉ,29300,47.8554814745,-3.48681564705,29
11081,CAUNES MINERVOIS,11160,43.3327963198,2.51635482478,11
73029,BARBERAZ,73000,45.5520596872,5.93925556329,73
82132,MONTRICOUX,82800,44.1035057733,1.62418942804,82
33545,VERTHEUIL,33180,45.2541334712,-0.845409908523,33
38182,LE GRAND LEMPS,38690,45.3962642718,5.4186427969,38
97101,LES ABYMES,97142,16.2727794035,-61.5017044974,971
12198,RIEUPEYROUX,12240,44.3085754076,2.22948755681,12
34255,ST GELY DU FESC,34980,43.6896523672,3.80969577473,34
47195,NERAC,47600,44.1321004332,0.343358299602,47
66048,CERBERE,66290,42.4439076617,3.14835500726,66
2B050,CALVI,20260,42.5454874755,8.7595487404,20
95268,GARGES LES GONESSE,95140,48.9701231267,2.40534038501,95
63103,CHATEL GUYON,63140,45.9206993185,3.0632143777,63
89446,VEZELAY,89450,47.4524539513,3.71058845441,89
19010,ARGENTAT SUR DORDOGNE,19400,45.1011667634,1.93436308377,19
16230,MONTMOREAU,16190,45.4225777872,0.127349505692,16
80759,TILLOLOY,80700,49.6416492977,2.74418919931,80
12176,ONET LE CHATEAU,12850,44.3825530939,2.56000835023,12
70561,VILLERSEXEL,70110,47.559065822,6.42909523129,70
44002,AIGREFEUILLE SUR MAINE,44140,47.0719256611,-1.41556455507,44
58303,VARENNES VAUZELLES,58640,47.0372879565,3.14354311851,58
62318,ETAPLES,62630,50.5235816785,1.65199985504,62
54043,BAINVILLE SUR MADON,54550,48.5900970896,6.08780771245,54
81060,CARMAUX,81400,44.0566667256,2.16641418483,81
45261,REBRECHIEN,45470,47.9935958151,2.02397089801,45
27285,GIVERNY,27620,49.0819438915,1.53288773518,27
27413,MONTFORT SUR RISLE,27290,49.2945278867,0.670560456278,27
39170,COURLANS,39570,46.6757012909,5.48680231929,39
78586,SARTROUVILLE,78500,48.9396085498,2.17458686513,78
74140,HABERE POCHE,74420,46.2555235551,6.47324374853,74
26215,LA MOTTE CHALANCON,26470,44.4953213004,5.38478825225,26
69143,NEUVILLE SUR SAONE,69250,45.8829276204,4.84373616973,69
74063,CHATEL,74390,46.2490325973,6.81712790779,74
31358,MONTASTRUC LA CONSEILLERE,31380,43.7221234765,1.58906433836,31
02173,CHAUNY,2300,49.619880673,3.21875355041,2
39476,ST AUBIN,39410,47.0326920185,5.33365017851,39
37060,CHARGE,37530,47.431662181,1.04123088283,37
57683,UUCKANGE,57270,49.3058767055,6.14931216735,57
32331,PREIGNAN,32810,43.7210485292,0.636835530591,32
12262,SAUVETERRE DE ROUERGUE,12800,44.2478234048,2.31504773118,12
38086,CHASSELAY,38470,45.2605536513,5.34184461228,38
76322,LE GRAND QUEVILLY,76120,49.4093798045,1.03999262153,76
95026,ASNIERES SUR OISE,95270,49.1407338587,2.3800597257,95
76705,TOURVILLE LA RIVIERE,76410,49.3274627821,1.09185339831,76
67021,BARR,67140,48.4149512356,7.39930438782,67
33355,RIONS,33410,44.6684320932,-0.336471805521,33
81105,GRAULHET,81300,43.7576562195,2.00122512851,81
92036,GENNEVILLIERS,92230,48.9345190548,2.29384987973,92
30270,ST JEAN DU PIN,30140,44.1164232741,4.0327398577,30
14754,VILLERS SUR MER,14640,49.3110756382,0.00599012303306,14
97701,ST BARTHELEMY,97133,nan,nan,971
06121,ST JEAN CAP FERRAT,6230,43.687178893,7.32993632437,6
94067,ST MANDE,94160,48.842440243,2.4192191088,94
71133,LA CLAYETTE,71800,46.2892944317,4.31079967145,71
86214,ST BENOIT,86280,46.5486469496,0.352443691442,86
69199,ST FONS,69190,45.7011050588,4.85046367008,69
63380,ST NECTAIRE,63710,45.5919139674,2.99779544156,63
38468,SALAISE SUR SANNE,38150,45.3442511828,4.80860532784,38
40304,HOSSEGOR,40150,43.6675688674,-1.41245896656,40
74267,SEVRIER,74320,45.8555012829,6.13806338899,74
58086,COSNE COURS SUR LOIRE,58200,47.4029099422,2.94284103771,58
74208,PASSY,74190,45.9545838758,6.74056895873,74
14514,PONT L EVEQUE,14130,49.2805619214,0.187666368193,14
41212,ST GERVAIS LA FORET,41350,47.5607456407,1.36138962511,41
17051,LE BOIS PLAGE EN RÉ,17580,46.1825283655,-1.37625908104,17
33208,JAU DIGNAC ET LOIRAC,33590,45.4149833388,-0.96259528402,33
35177,LA MEZIERE,35520,48.2130666672,-1.75057215298,35
82155,ST ANTONIN NOBLE VAL,82140,44.156093011,1.73640541242,82
26336,SAOU,26400,44.6470256973,5.11072905542,26
16286,ROUILLAC,16170,45.781947293,-0.074390136916,16
69293,SATHONAY VILLAGE,69580,45.8402514448,4.88563860144,69
88447,SAULXURES SUR MOSELOTTE,88290,47.9512129215,6.77493861259,88
56179,PONT SCORFF,56620,47.839096749,-3.41967999137,56
49331,SEGRE,49500,47.7016654227,-0.863354104119,49
06099,PUGET THENIERS,6260,43.9521649219,6.90609311435,6
87169,ST MAURICE LES BROUSSES,87800,45.6997312165,1.24152185921,87
50532,ST PAIR SUR MER,50380,48.8023738223,-1.54696599127,50
29284,TREFFIAGAT,29730,47.8049042408,-4.2597485124,29
14562,ST AUBIN SUR MER,14750,49.3224328819,-0.39282763592,14
63063,CEBAZAT,63118,45.8318909179,3.10802814876,63
36031,BUZANCAIS,36500,46.8875380464,1.41254913131,36
33090,CANEJAN,33610,44.7598891584,-0.65697711026,33
84008,LE BARROUX,84330,44.1547724058,5.09918948911,84
86253,SANXAY,86600,46.4960318018,-0.00840229241339,86
37020,BEAULIEU LES LOCHES,37600,47.1281892877,1.02294110179,37
21464,NUITS ST GEORGES,21700,47.146518392,4.9385500417,21
50218,GRANVILLE,50400,48.8327078372,-1.56670866413,50
46309,SOUILLAC,46200,44.9069531608,1.46396482842,46
08230,HOULDIZY,8090,49.812785683,4.6695029327,8
76231,ELBEUF,76500,49.2767979948,0.997154590875,76
72008,ARNAGE,72230,47.9292220095,0.191344248929,72
45087,CHATILLON SUR LOIRE,45360,47.5721313447,2.73594191784,45
33032,BASSENS,33530,44.9084140601,-0.525868280903,33
31584,VILLEMUR SUR TARN,31340,43.8644095962,1.49043812706,31
67359,OHLUNGEN,67170,48.8121908123,7.69421854068,67
35049,CANCALE,35260,48.6835209896,-1.8650827351,35
01249,MIRIBEL,1700,45.8442099203,4.94106746787,1
01378,ST MAURICE DE GOURDANS,1800,45.8200191939,5.16980415584,1
89405,TAINGY,89560,47.6123914189,3.40803434271,89
21617,TALANT,21240,47.3388300285,4.99779516001,21
71306,MONTCEAU LES MINES,71300,46.6762539128,4.3540960404,71
32462,VIC FEZENSAC,32190,43.762029942,0.297842185088,32
53047,CARELLES,53120,48.3887876245,-0.899702305853,53
97112,GRAND BOURG,97112,15.9060600751,-61.2943821122,971
09105,DAUMAZAN SUR ARIZE,9350,43.1445751789,1.30386151934,9
31435,POUCHARRAMET,31370,43.423058709,1.16684453964,31
49244,LA POMMERAYE,49620,47.3429800481,-0.869186945487,49
43080,CRAPONNE SUR ARZON,43500,45.3318549451,3.85314004519,43
26325,ST RAMBERT D ALBON,26140,45.2891075425,4.8312134754,26
22330,ST THELO,22460,48.2459300421,-2.84098515337,22
72349,TEILLE,72290,48.1849465917,0.188449766884,72
03310,VICHY,3200,46.1300051383,3.42442081174,3
35323,LA SELLE EN COGLES,35460,48.438498732,-1.33753495005,35
29230,QUERRIEN,29310,47.9553937645,-3.54781313088,29
01173,GEX,1170,46.3471891747,6.04650555568,1
78062,BEYNES,78650,48.854444414,1.86989017513,78
78380,MAULE,78580,48.9078548612,1.83959534526,78
62826,LE TOUQUET PARIS PLAGE,62520,50.5083984501,1.59923820583,62
59599,TOURCOING,59200,50.7254418902,3.15882757215,59
49125,DOUE LA FONTAINE,49700,47.1914715686,-0.278336056087,49
78536,SAILLY,78440,49.0430008047,1.79368235837,78
32307,PAVIE,32550,43.605614575,0.589850870884,32
83085,LA MOTTE,83920,43.5078511168,6.55055399937,83
32167,LAAS,32170,43.4720603975,0.301177050148,32
49246,LES PONTS DE CE,49130,47.4272536106,-0.512677371617,49
56255,TREFFLEAN,56250,47.6781213314,-2.62203549701,56
17008,ANDILLY,17230,46.2630044811,-1.01765756102,17
06095,PEYMEINADE,6530,43.6305294544,6.88166520884,6
73303,UGINE,73400,45.7718876928,6.43266345275,73
22282,ST CAST LE GUILDO,22380,48.6037155601,-2.24912296088,22
81218,PUYGOUZON,81990,43.8884573228,2.16955643928,81
35162,LOUVIGNE DU DESERT,35420,48.4868885908,-1.12369660788,35
17485,LE GRAND VILLAGE PLAGE,17370,45.8620787516,-1.24274513266,17
34146,LUNEL VIEL,34400,43.6826642395,4.08422296335,34
53147,MAYENNE,53100,48.3074609449,-0.614799950799,53
44108,MOUZILLON,44330,47.1293076835,-1.27378859416,44
74081,CLUSES,74300,46.0631088613,6.57892080059,74
38422,ST MARTIN D URIAGE,38410,45.1533114965,5.85697188801,38
22147,MERDRIGNAC,22230,48.1936252026,-2.39598361343,22
54276,JEANDELAINCOURT,54114,48.846525852,6.24307502417,54
85194,LES SABLES D OLONNE,85100,46.5007612799,-1.79255128677,85
92019,CHATENAY MALABRY,92290,48.7681690197,2.26282598525,92
77111,CHESSY,77700,48.8723310998,2.77039964715,77
30321,SOMMIERES,30250,43.7756118498,4.08232743857,30
69064,CONDRIEU,69420,45.4743083818,4.75671075164,69
02680,ST GOBAIN,2410,49.5953887213,3.39411143672,2
87202,VEYRAC,87520,45.9034537819,1.09001899064,87
26058,BOURG LES VALENCE,26500,44.9651094188,4.89411636376,26
33067,BOURG,33710,45.0398664572,-0.547187308975,33
49197,MEIGNE LE VICOMTE,49490,47.5125846986,0.188043785469,49
85113,L ILE D YEU,85350,46.7093514816,-2.34712702345,85
26065,CHABRILLAN,26400,44.713669067,4.96072243187,26
35128,GUIPEL,35440,48.2923904516,-1.72349623823,35
29190,PLOUGONVELIN,29217,48.3513274854,-4.71760872698,29
40001,AIRE SUR ADOUR,40800,43.6983525736,-0.265145513574,40
31169,ESCALQUENS,31750,43.5209125935,1.55243226997,31
13097,ST MARTIN DE CRAU,13310,43.6119214615,4.85701475567,13
66107,MAURY,66460,42.8152827939,2.61292653306,66
11202,LEUCATE,11370,42.8993650672,3.02676038573,11
02340,GAUCHY,2430,49.8234688599,3.28649189661,2
86082,COUHE,86700,46.2960515844,0.179497066899,86
63470,VOLVIC,63530,45.8681922975,3.01900139762,63
37072,CHINON,37500,47.1723001595,0.245084664558,37
21179,CLENAY,21490,47.4135413138,5.11448988395,21
30037,BESSEGES,30160,44.290395291,4.10784015546,30
34327,VENDARGUES,34740,43.6610457488,3.96283033113,34
67551,WOLFISHEIM,67202,48.5869426788,7.66313638698,67
64094,BARDOS,64520,43.4681224323,-1.22301840969,64
84068,LOURMARIN,84160,43.7780333839,5.36616174066,84
37282,YZEURES SUR CREUSE,37290,46.7902872236,0.876208149129,37
01049,LA BOISSE,1120,45.8446213549,5.02783224111,1
26176,MARSANNE,26740,44.640273082,4.88311372596,26
87108,NOUIC,87330,46.0620120225,0.915164140935,87
44069,GUERANDE,44350,47.3313320913,-2.41703658813,44
59136,LE CATEAU CAMBRESIS,59360,50.0920093814,3.53922472873,59
nan,NAN,nan,nan,nan,nan
